campaign_id,stat_date,placement,platform,advertiser_industry,impression_cnt,click_cnt,revenue,currency,viewability_rate
cmp_202410_001,2024-10-09,top_banner,adx_prog,電信,106596,209,125.71,USD,0.529
cmp_202410_001,2024-10-10,top_banner,adx_prog,電信,23841,43,33.57,USD,0.64
cmp_202410_001,2024-10-11,top_banner,adx_prog,電信,228045,380,219.22,USD,0.555
cmp_202410_001,2024-10-12,top_banner,adx_prog,電信,16093,34,22.12,USD,
cmp_202410_001,2024-10-13,top_banner,adx_prog,電信,104369,187,104.16,USD,0.587
cmp_202410_001,2024-10-14,top_banner,adx_prog,電信,61718,144,55.85,USD,
cmp_202410_001,2024-10-15,top_banner,adx_prog,電信,23442,43,35.07,USD,0.699
cmp_202410_001,2024-10-16,top_banner,adx_prog,電信,23867,27,29.75,USD,0.675
cmp_202410_001,2024-10-17,top_banner,adx_prog,電信,23371,46,26.16,USD,
cmp_202410_001,2024-10-18,top_banner,adx_prog,電信,60682,78,71.16,USD,
cmp_202410_001,2024-10-19,top_banner,adx_prog,電信,124630,276,137.39,USD,0.714
cmp_202410_001,2024-10-20,top_banner,adx_prog,電信,47432,62,67.08,USD,0.543
cmp_202410_001,2024-10-21,top_banner,adx_prog,電信,10264,26,11.2,USD,
cmp_202410_001,2024-10-22,top_banner,adx_prog,電信,28793,68,33.72,USD,0.417
cmp_202410_001,2024-10-23,top_banner,adx_prog,電信,50662,88,58.58,USD,
cmp_202410_001,2024-10-09,in_article,adx_prog,電信,15590,82,23.97,USD,0.638
cmp_202410_001,2024-10-10,in_article,adx_prog,電信,4025,18,6.86,USD,0.797
cmp_202410_001,2024-10-11,in_article,adx_prog,電信,28023,95,57.61,USD,
cmp_202410_001,2024-10-12,in_article,adx_prog,電信,20431,60,49.72,USD,0.476
cmp_202410_001,2024-10-13,in_article,adx_prog,電信,40890,175,79.66,USD,
cmp_202410_001,2024-10-14,in_article,adx_prog,電信,27433,118,65.58,USD,
cmp_202410_001,2024-10-15,in_article,adx_prog,電信,33975,165,52.21,USD,
cmp_202410_001,2024-10-16,in_article,adx_prog,電信,103762,595,200.3,USD,0.476
cmp_202410_001,2024-10-17,in_article,adx_prog,電信,46872,192,88.06,USD,
cmp_202410_001,2024-10-18,in_article,adx_prog,電信,36363,130,63.86,USD,0.641
cmp_202410_001,2024-10-19,in_article,adx_prog,電信,64341,245,112.76,USD,
cmp_202410_001,2024-10-20,in_article,adx_prog,電信,29830,140,47.36,USD,
cmp_202410_001,2024-10-21,in_article,adx_prog,電信,10628,37,22.69,USD,0.664
cmp_202410_001,2024-10-22,in_article,adx_prog,電信,75739,323,186.33,USD,0.659
cmp_202410_001,2024-10-23,in_article,adx_prog,電信,22837,81,38.93,USD,0.662
cmp_202410_002,2024-10-19,top_banner,kmg_direct,3C,23278,61,869.87,TWD,0.652
cmp_202410_002,2024-10-20,top_banner,kmg_direct,3C,22209,33,718.08,TWD,0.688
cmp_202410_002,2024-10-21,top_banner,kmg_direct,3C,23260,34,1020.89,TWD,0.685
cmp_202410_002,2024-10-22,top_banner,kmg_direct,3C,63152,115,2336.12,TWD,0.705
cmp_202410_002,2024-10-23,top_banner,kmg_direct,3C,39945,66,1821.86,TWD,0.578
cmp_202410_002,2024-10-24,top_banner,kmg_direct,3C,23267,42,1012.63,TWD,0.612
cmp_202410_002,2024-10-25,top_banner,kmg_direct,3C,119239,246,5360.43,TWD,0.437
cmp_202410_002,2024-10-26,top_banner,kmg_direct,3C,40854,76,1264.38,TWD,0.716
cmp_202410_002,2024-10-27,top_banner,kmg_direct,3C,23290,28,700.8,TWD,0.458
cmp_202410_002,2024-10-28,top_banner,kmg_direct,3C,89348,234,3902.47,TWD,0.538
cmp_202410_002,2024-10-29,top_banner,kmg_direct,3C,7171,10,205.35,TWD,0.85
cmp_202410_002,2024-10-30,top_banner,kmg_direct,3C,127924,206,4950.05,TWD,0.549
cmp_202410_002,2024-10-31,top_banner,kmg_direct,3C,41850,72,1439.18,TWD,0.673
cmp_202410_002,2024-10-19,in_article,kmg_direct,3C,52493,155,3975.33,TWD,0.574
cmp_202410_002,2024-10-20,in_article,kmg_direct,3C,26997,91,1893.85,TWD,0.749
cmp_202410_002,2024-10-21,in_article,kmg_direct,3C,4520,16,276.08,TWD,0.525
cmp_202410_002,2024-10-22,in_article,kmg_direct,3C,99049,251,5524.05,TWD,0.438
cmp_202410_002,2024-10-23,in_article,kmg_direct,3C,21081,64,1153.22,TWD,0.485
cmp_202410_002,2024-10-24,in_article,kmg_direct,3C,68064,327,4687.88,TWD,0.344
cmp_202410_002,2024-10-25,in_article,kmg_direct,3C,63091,254,4017.27,TWD,0.636
cmp_202410_002,2024-10-26,in_article,kmg_direct,3C,61420,232,3057.59,TWD,0.708
cmp_202410_002,2024-10-27,in_article,kmg_direct,3C,154342,722,11171.4,TWD,0.767
cmp_202410_002,2024-10-28,in_article,kmg_direct,3C,7912,26,528.41,TWD,0.624
cmp_202410_002,2024-10-29,in_article,kmg_direct,3C,29566,133,1645.05,TWD,0.545
cmp_202410_002,2024-10-30,in_article,kmg_direct,3C,35357,145,2617.77,TWD,0.691
cmp_202410_002,2024-10-31,in_article,kmg_direct,3C,78140,293,5299.46,TWD,0.861
cmp_202410_003,2024-10-17,in_article,kmg_direct,旅遊,17846,52,1003.35,TWD,0.63
cmp_202410_003,2024-10-18,in_article,kmg_direct,旅遊,67056,278,4994.65,TWD,0.526
cmp_202410_003,2024-10-19,in_article,kmg_direct,旅遊,16637,58,1054.0,TWD,0.467
cmp_202410_003,2024-10-20,in_article,kmg_direct,旅遊,25526,76,1900.04,TWD,0.682
cmp_202410_003,2024-10-21,in_article,kmg_direct,旅遊,56452,203,3451.52,TWD,0.498
cmp_202410_003,2024-10-22,in_article,kmg_direct,旅遊,24102,132,1639.11,TWD,0.524
cmp_202410_003,2024-10-23,in_article,kmg_direct,旅遊,11112,52,706.72,TWD,0.754
cmp_202410_003,2024-10-24,in_article,kmg_direct,旅遊,23709,124,1802.59,TWD,0.68
cmp_202410_003,2024-10-25,in_article,kmg_direct,旅遊,14108,51,807.15,TWD,0.705
cmp_202410_003,2024-10-26,in_article,kmg_direct,旅遊,29321,155,1375.65,TWD,0.501
cmp_202410_003,2024-10-27,in_article,kmg_direct,旅遊,29837,140,1529.68,TWD,0.694
cmp_202410_003,2024-10-28,in_article,kmg_direct,旅遊,32839,168,2413.46,TWD,0.71
cmp_202410_003,2024-10-29,in_article,kmg_direct,旅遊,43773,144,2284.73,TWD,0.45
cmp_202410_003,2024-10-30,in_article,kmg_direct,旅遊,25552,78,1239.81,TWD,0.421
cmp_202410_003,2024-10-31,in_article,kmg_direct,旅遊,16701,48,1227.85,TWD,0.67
cmp_202410_003,2024-10-17,sidebar,kmg_direct,旅遊,24695,20,520.01,TWD,0.601
cmp_202410_003,2024-10-18,sidebar,kmg_direct,旅遊,35009,37,608.09,TWD,0.553
cmp_202410_003,2024-10-19,sidebar,kmg_direct,旅遊,14488,21,342.24,TWD,0.401
cmp_202410_003,2024-10-20,sidebar,kmg_direct,旅遊,8912,12,219.43,TWD,0.758
cmp_202410_003,2024-10-21,sidebar,kmg_direct,旅遊,20726,29,562.63,TWD,0.658
cmp_202410_003,2024-10-22,sidebar,kmg_direct,旅遊,40625,32,963.15,TWD,0.661
cmp_202410_003,2024-10-23,sidebar,kmg_direct,旅遊,7554,7,125.04,TWD,0.493
cmp_202410_003,2024-10-24,sidebar,kmg_direct,旅遊,34573,50,850.89,TWD,0.607
cmp_202410_003,2024-10-25,sidebar,kmg_direct,旅遊,7362,6,133.9,TWD,0.442
cmp_202410_003,2024-10-26,sidebar,kmg_direct,旅遊,294073,402,6633.55,TWD,0.523
cmp_202410_003,2024-10-27,sidebar,kmg_direct,旅遊,75811,69,1250.91,TWD,0.733
cmp_202410_003,2024-10-28,sidebar,kmg_direct,旅遊,116111,177,2580.61,TWD,0.615
cmp_202410_003,2024-10-29,sidebar,kmg_direct,旅遊,25561,26,457.19,TWD,0.7
cmp_202410_003,2024-10-30,sidebar,kmg_direct,旅遊,20818,18,387.28,TWD,0.714
cmp_202410_003,2024-10-31,sidebar,kmg_direct,旅遊,42064,31,748.53,TWD,0.681
cmp_202410_004,2024-10-20,sidebar,adx_prog,電信,41530,62,31.01,USD,
cmp_202410_004,2024-10-21,sidebar,adx_prog,電信,32355,27,20.33,USD,0.688
cmp_202410_004,2024-10-22,sidebar,adx_prog,電信,88075,71,62.14,USD,
cmp_202410_004,2024-10-23,sidebar,adx_prog,電信,12261,13,7.11,USD,0.688
cmp_202410_004,2024-10-24,sidebar,adx_prog,電信,83319,88,49.25,USD,
cmp_202410_004,2024-10-25,sidebar,adx_prog,電信,16723,15,13.57,USD,
cmp_202410_004,2024-10-26,sidebar,adx_prog,電信,30141,42,23.42,USD,0.602
cmp_202410_004,2024-10-20,video_preroll,adx_prog,電信,204452,2201,874.14,USD,0.616
cmp_202410_004,2024-10-21,video_preroll,adx_prog,電信,28915,320,115.48,USD,
cmp_202410_004,2024-10-22,video_preroll,adx_prog,電信,5855,42,30.15,USD,0.44
cmp_202410_004,2024-10-23,video_preroll,adx_prog,電信,38340,288,176.97,USD,0.721
cmp_202410_004,2024-10-24,video_preroll,adx_prog,電信,24030,260,131.5,USD,
cmp_202410_004,2024-10-25,video_preroll,adx_prog,電信,51334,406,258.19,USD,
cmp_202410_004,2024-10-26,video_preroll,adx_prog,電信,14081,134,80.43,USD,
cmp_202410_005,2024-10-09,video_preroll,openx_prog,3C,23011,246,119.04,USD,
cmp_202410_005,2024-10-10,video_preroll,openx_prog,3C,8394,101,41.32,USD,
cmp_202410_005,2024-10-11,video_preroll,openx_prog,3C,5920,51,27.44,USD,0.541
cmp_202410_005,2024-10-12,video_preroll,openx_prog,3C,9672,53,45.83,USD,0.652
cmp_202410_005,2024-10-13,video_preroll,openx_prog,3C,50464,360,232.8,USD,
cmp_202410_005,2024-10-14,video_preroll,openx_prog,3C,39472,426,144.11,USD,0.561
cmp_202410_005,2024-10-15,video_preroll,openx_prog,3C,28173,177,148.16,USD,0.493
cmp_202410_006,2024-10-23,video_preroll,kmg_selfserve,汽車,256164,1873,32629.36,TWD,0.607
cmp_202410_006,2024-10-24,video_preroll,kmg_selfserve,汽車,137599,1640,20237.82,TWD,0.657
cmp_202410_006,2024-10-25,video_preroll,kmg_selfserve,汽車,24116,207,2636.85,TWD,0.864
cmp_202410_006,2024-10-26,video_preroll,kmg_selfserve,汽車,13841,117,1907.09,TWD,0.621
cmp_202410_006,2024-10-27,video_preroll,kmg_selfserve,汽車,5448,57,738.08,TWD,0.64
cmp_202410_006,2024-10-28,video_preroll,kmg_selfserve,汽車,22293,134,2444.88,TWD,0.468
cmp_202410_006,2024-10-29,video_preroll,kmg_selfserve,汽車,11990,104,1713.42,TWD,0.619
cmp_202410_006,2024-10-30,video_preroll,kmg_selfserve,汽車,20130,141,2475.24,TWD,0.604
cmp_202410_006,2024-10-31,video_preroll,kmg_selfserve,汽車,25583,279,4559.09,TWD,0.682
cmp_202410_007,2024-10-01,sidebar,adx_prog,3C,55748,39,37.97,USD,0.775
cmp_202410_007,2024-10-02,sidebar,adx_prog,3C,82042,109,47.06,USD,0.623
cmp_202410_007,2024-10-03,sidebar,adx_prog,3C,21798,23,16.13,USD,0.49
cmp_202410_007,2024-10-04,sidebar,adx_prog,3C,17536,14,11.74,USD,
cmp_202410_007,2024-10-05,sidebar,adx_prog,3C,13639,13,10.66,USD,
cmp_202410_007,2024-10-06,sidebar,adx_prog,3C,112961,161,82.41,USD,
cmp_202410_007,2024-10-07,sidebar,adx_prog,3C,30636,29,17.4,USD,0.793
cmp_202410_007,2024-10-08,sidebar,adx_prog,3C,78735,98,56.06,USD,0.771
cmp_202410_007,2024-10-09,sidebar,adx_prog,3C,115578,150,86.75,USD,
cmp_202410_007,2024-10-10,sidebar,adx_prog,3C,11132,15,8.92,USD,0.7
cmp_202410_007,2024-10-11,sidebar,adx_prog,3C,17101,13,10.42,USD,
cmp_202410_007,2024-10-12,sidebar,adx_prog,3C,13655,15,8.24,USD,
cmp_202410_007,2024-10-13,sidebar,adx_prog,3C,14354,10,8.19,USD,0.539
cmp_202410_007,2024-10-14,sidebar,adx_prog,3C,62352,57,48.84,USD,0.715
cmp_202410_007,2024-10-15,sidebar,adx_prog,3C,77693,71,61.84,USD,0.723
cmp_202410_007,2024-10-16,sidebar,adx_prog,3C,30249,46,16.05,USD,0.778
cmp_202410_007,2024-10-17,sidebar,adx_prog,3C,28774,44,20.19,USD,0.728
cmp_202410_007,2024-10-18,sidebar,adx_prog,3C,62957,97,54.91,USD,
cmp_202410_007,2024-10-19,sidebar,adx_prog,3C,24578,34,15.83,USD,0.58
cmp_202410_007,2024-10-20,sidebar,adx_prog,3C,33489,32,18.81,USD,0.696
cmp_202410_007,2024-10-01,video_preroll,adx_prog,3C,90724,820,354.58,USD,
cmp_202410_007,2024-10-02,video_preroll,adx_prog,3C,318889,2499,1472.01,USD,
cmp_202410_007,2024-10-03,video_preroll,adx_prog,3C,65018,369,264.77,USD,
cmp_202410_007,2024-10-04,video_preroll,adx_prog,3C,57622,443,227.58,USD,0.723
cmp_202410_007,2024-10-05,video_preroll,adx_prog,3C,22480,172,93.27,USD,
cmp_202410_007,2024-10-06,video_preroll,adx_prog,3C,23944,222,112.35,USD,0.775
cmp_202410_007,2024-10-07,video_preroll,adx_prog,3C,115275,1204,505.43,USD,0.614
cmp_202410_007,2024-10-08,video_preroll,adx_prog,3C,26889,253,93.98,USD,
cmp_202410_007,2024-10-09,video_preroll,adx_prog,3C,24730,159,128.14,USD,
cmp_202410_007,2024-10-10,video_preroll,adx_prog,3C,61130,627,329.63,USD,0.483
cmp_202410_007,2024-10-11,video_preroll,adx_prog,3C,256702,1474,1050.04,USD,0.459
cmp_202410_007,2024-10-12,video_preroll,adx_prog,3C,55094,594,196.64,USD,
cmp_202410_007,2024-10-13,video_preroll,adx_prog,3C,43322,326,175.71,USD,
cmp_202410_007,2024-10-14,video_preroll,adx_prog,3C,72978,545,339.31,USD,0.727
cmp_202410_007,2024-10-15,video_preroll,adx_prog,3C,3834,34,18.98,USD,0.345
cmp_202410_007,2024-10-16,video_preroll,adx_prog,3C,18175,121,69.5,USD,
cmp_202410_007,2024-10-17,video_preroll,adx_prog,3C,126073,1122,709.67,USD,0.522
cmp_202410_007,2024-10-18,video_preroll,adx_prog,3C,19176,230,90.58,USD,0.666
cmp_202410_007,2024-10-19,video_preroll,adx_prog,3C,193354,1411,1012.33,USD,0.682
cmp_202410_007,2024-10-20,video_preroll,adx_prog,3C,14313,132,66.91,USD,0.834
cmp_202410_008,2024-10-15,top_banner,adx_prog,汽車,21448,40,27.79,USD,0.404
cmp_202410_008,2024-10-16,top_banner,adx_prog,汽車,83665,141,77.09,USD,
cmp_202410_008,2024-10-17,top_banner,adx_prog,汽車,52213,124,56.91,USD,
cmp_202410_008,2024-10-18,top_banner,adx_prog,汽車,28701,34,37.18,USD,
cmp_202410_008,2024-10-19,top_banner,adx_prog,汽車,10028,25,15.03,USD,0.391
cmp_202410_008,2024-10-20,top_banner,adx_prog,汽車,126667,264,157.73,USD,0.709
cmp_202410_008,2024-10-21,top_banner,adx_prog,汽車,95784,116,139.63,USD,0.873
cmp_202410_008,2024-10-22,top_banner,adx_prog,汽車,13608,28,17.56,USD,
cmp_202410_008,2024-10-23,top_banner,adx_prog,汽車,419525,1022,401.39,USD,0.546
cmp_202410_008,2024-10-24,top_banner,adx_prog,汽車,41302,100,54.49,USD,0.695
cmp_202410_008,2024-10-25,top_banner,adx_prog,汽車,32700,43,44.32,USD,
cmp_202410_008,2024-10-26,top_banner,adx_prog,汽車,80480,142,72.99,USD,0.432
cmp_202410_008,2024-10-27,top_banner,adx_prog,汽車,92666,177,104.03,USD,
cmp_202410_008,2024-10-28,top_banner,adx_prog,汽車,13613,18,15.31,USD,
cmp_202410_008,2024-10-29,top_banner,adx_prog,汽車,19292,49,24.64,USD,
cmp_202410_009,2024-10-10,in_article,kmg_direct,政府標案,42810,135,2920.88,TWD,0.58
cmp_202410_009,2024-10-11,in_article,kmg_direct,政府標案,52222,171,3983.38,TWD,0.704
cmp_202410_009,2024-10-12,in_article,kmg_direct,政府標案,13434,40,818.14,TWD,0.514
cmp_202410_009,2024-10-13,in_article,kmg_direct,政府標案,5022,24,300.12,TWD,0.679
cmp_202410_009,2024-10-14,in_article,kmg_direct,政府標案,10706,27,498.38,TWD,0.527
cmp_202410_009,2024-10-15,in_article,kmg_direct,政府標案,199725,1067,11076.84,TWD,0.59
cmp_202410_009,2024-10-16,in_article,kmg_direct,政府標案,32994,137,1914.7,TWD,0.647
cmp_202410_009,2024-10-17,in_article,kmg_direct,政府標案,58026,322,3619.67,TWD,0.702
cmp_202410_009,2024-10-18,in_article,kmg_direct,政府標案,65580,332,4688.74,TWD,0.653
cmp_202410_009,2024-10-19,in_article,kmg_direct,政府標案,11323,46,702.37,TWD,0.652
cmp_202410_009,2024-10-20,in_article,kmg_direct,政府標案,2730,12,206.02,TWD,0.528
cmp_202410_009,2024-10-21,in_article,kmg_direct,政府標案,232832,827,14718.76,TWD,0.553
cmp_202410_009,2024-10-10,sidebar,kmg_direct,政府標案,47417,63,879.8,TWD,0.625
cmp_202410_009,2024-10-11,sidebar,kmg_direct,政府標案,58424,85,1299.08,TWD,0.64
cmp_202410_009,2024-10-12,sidebar,kmg_direct,政府標案,97020,88,1831.83,TWD,0.3
cmp_202410_009,2024-10-13,sidebar,kmg_direct,政府標案,112698,134,2288.98,TWD,0.56
cmp_202410_009,2024-10-14,sidebar,kmg_direct,政府標案,89534,61,1772.83,TWD,0.58
cmp_202410_009,2024-10-15,sidebar,kmg_direct,政府標案,107166,128,2528.95,TWD,0.725
cmp_202410_009,2024-10-16,sidebar,kmg_direct,政府標案,25570,26,645.06,TWD,0.651
cmp_202410_009,2024-10-17,sidebar,kmg_direct,政府標案,29034,44,696.46,TWD,0.525
cmp_202410_009,2024-10-18,sidebar,kmg_direct,政府標案,115353,127,3162.25,TWD,0.649
cmp_202410_009,2024-10-19,sidebar,kmg_direct,政府標案,40346,44,1078.61,TWD,0.815
cmp_202410_009,2024-10-20,sidebar,kmg_direct,政府標案,14881,19,295.34,TWD,0.53
cmp_202410_009,2024-10-21,sidebar,kmg_direct,政府標案,6345,8,163.62,TWD,0.83
cmp_202410_010,2024-10-13,video_preroll,adx_prog,金融,23987,126,103.62,USD,
cmp_202410_010,2024-10-14,video_preroll,adx_prog,金融,120809,673,622.52,USD,0.53
cmp_202410_010,2024-10-15,video_preroll,adx_prog,金融,18575,201,82.22,USD,0.662
cmp_202410_010,2024-10-16,video_preroll,adx_prog,金融,7160,55,25.7,USD,
cmp_202410_010,2024-10-17,video_preroll,adx_prog,金融,162223,1945,653.78,USD,0.726
cmp_202410_010,2024-10-18,video_preroll,adx_prog,金融,5565,40,20.16,USD,0.56
cmp_202410_010,2024-10-19,video_preroll,adx_prog,金融,32766,263,152.06,USD,
cmp_202410_010,2024-10-20,video_preroll,adx_prog,金融,10199,63,43.96,USD,0.541
cmp_202410_010,2024-10-21,video_preroll,adx_prog,金融,5459,32,28.2,USD,0.719
cmp_202410_010,2024-10-22,video_preroll,adx_prog,金融,105395,1136,407.63,USD,0.613
cmp_202410_010,2024-10-23,video_preroll,adx_prog,金融,14496,77,53.6,USD,0.711
cmp_202410_010,2024-10-24,video_preroll,adx_prog,金融,99782,1013,545.46,USD,
cmp_202410_010,2024-10-25,video_preroll,adx_prog,金融,8083,68,34.99,USD,0.558
cmp_202410_010,2024-10-26,video_preroll,adx_prog,金融,18072,206,70.8,USD,0.605
cmp_202410_010,2024-10-27,video_preroll,adx_prog,金融,29639,306,157.57,USD,0.729
cmp_202410_011,2024-10-16,top_banner,kmg_direct,建設,26264,48,1064.91,TWD,0.497
cmp_202410_011,2024-10-17,top_banner,kmg_direct,建設,37488,87,1125.46,TWD,0.668
cmp_202410_011,2024-10-18,top_banner,kmg_direct,建設,28155,68,1178.03,TWD,0.537
cmp_202410_011,2024-10-19,top_banner,kmg_direct,建設,71416,190,2968.72,TWD,0.517
cmp_202410_011,2024-10-20,top_banner,kmg_direct,建設,28639,34,1219.5,TWD,0.411
cmp_202410_011,2024-10-21,top_banner,kmg_direct,建設,9427,15,306.8,TWD,0.598
cmp_202410_011,2024-10-22,top_banner,kmg_direct,建設,49127,96,2219.29,TWD,0.706
cmp_202410_011,2024-10-23,top_banner,kmg_direct,建設,34283,39,1167.08,TWD,0.708
cmp_202410_011,2024-10-24,top_banner,kmg_direct,建設,72816,166,3039.7,TWD,0.642
cmp_202410_012,2024-10-03,video_preroll,kmg_selfserve,電信,15850,125,2160.67,TWD,0.704
cmp_202410_012,2024-10-04,video_preroll,kmg_selfserve,電信,32594,180,4541.93,TWD,0.576
cmp_202410_012,2024-10-05,video_preroll,kmg_selfserve,電信,101795,874,16935.57,TWD,0.753
cmp_202410_012,2024-10-06,video_preroll,kmg_selfserve,電信,47402,426,8570.73,TWD,0.701
cmp_202410_012,2024-10-07,video_preroll,kmg_selfserve,電信,40160,427,6137.11,TWD,0.436
cmp_202410_012,2024-10-08,video_preroll,kmg_selfserve,電信,9478,67,1080.81,TWD,0.655
cmp_202410_012,2024-10-09,video_preroll,kmg_selfserve,電信,71783,805,8670.91,TWD,0.668
cmp_202410_012,2024-10-10,video_preroll,kmg_selfserve,電信,32690,213,3661.98,TWD,0.776
cmp_202410_012,2024-10-11,video_preroll,kmg_selfserve,電信,36300,344,6471.91,TWD,0.663
cmp_202410_012,2024-10-12,video_preroll,kmg_selfserve,電信,7164,49,1265.0,TWD,0.46
cmp_202410_012,2024-10-13,video_preroll,kmg_selfserve,電信,40810,251,5558.34,TWD,0.706
cmp_202410_012,2024-10-14,video_preroll,kmg_selfserve,電信,6986,64,1043.92,TWD,0.627
cmp_202410_012,2024-10-15,video_preroll,kmg_selfserve,電信,7079,85,1249.28,TWD,0.674
cmp_202410_012,2024-10-16,video_preroll,kmg_selfserve,電信,78905,744,11733.5,TWD,0.621
cmp_202410_012,2024-10-17,video_preroll,kmg_selfserve,電信,29272,250,4014.52,TWD,0.565
cmp_202410_012,2024-10-18,video_preroll,kmg_selfserve,電信,19644,165,2612.55,TWD,0.509
cmp_202410_012,2024-10-19,video_preroll,kmg_selfserve,電信,52863,426,8055.54,TWD,0.523
cmp_202410_012,2024-10-20,video_preroll,kmg_selfserve,電信,12800,109,2071.67,TWD,0.801
cmp_202410_012,2024-10-21,video_preroll,kmg_selfserve,電信,17131,141,2398.25,TWD,0.568
cmp_202410_012,2024-10-22,video_preroll,kmg_selfserve,電信,11207,59,1427.69,TWD,0.415
cmp_202410_013,2024-10-05,in_article,kmg_selfserve,旅遊,131759,738,8507.01,TWD,0.708
cmp_202410_013,2024-10-06,in_article,kmg_selfserve,旅遊,33269,153,2070.27,TWD,0.527
cmp_202410_013,2024-10-07,in_article,kmg_selfserve,旅遊,10292,46,636.71,TWD,0.546
cmp_202410_013,2024-10-08,in_article,kmg_selfserve,旅遊,42729,128,2985.82,TWD,0.753
cmp_202410_013,2024-10-09,in_article,kmg_selfserve,旅遊,29998,154,1816.46,TWD,0.573
cmp_202410_013,2024-10-10,in_article,kmg_selfserve,旅遊,29173,119,1551.62,TWD,0.664
cmp_202410_013,2024-10-11,in_article,kmg_selfserve,旅遊,24470,75,1779.49,TWD,0.409
cmp_202410_013,2024-10-12,in_article,kmg_selfserve,旅遊,170015,680,10045.34,TWD,0.615
cmp_202410_013,2024-10-05,sidebar,kmg_selfserve,旅遊,20329,28,492.12,TWD,0.615
cmp_202410_013,2024-10-06,sidebar,kmg_selfserve,旅遊,17013,20,422.7,TWD,0.731
cmp_202410_013,2024-10-07,sidebar,kmg_selfserve,旅遊,19622,18,499.71,TWD,0.745
cmp_202410_013,2024-10-08,sidebar,kmg_selfserve,旅遊,40168,27,971.52,TWD,0.45
cmp_202410_013,2024-10-09,sidebar,kmg_selfserve,旅遊,46301,49,1245.83,TWD,0.602
cmp_202410_013,2024-10-10,sidebar,kmg_selfserve,旅遊,29099,29,645.56,TWD,0.749
cmp_202410_013,2024-10-11,sidebar,kmg_selfserve,旅遊,37100,39,771.94,TWD,0.609
cmp_202410_013,2024-10-12,sidebar,kmg_selfserve,旅遊,75415,93,1789.49,TWD,0.673
cmp_202410_014,2024-10-11,sidebar,kmg_selfserve,汽車,9249,11,197.53,TWD,0.657
cmp_202410_014,2024-10-12,sidebar,kmg_selfserve,汽車,17327,16,312.13,TWD,0.642
cmp_202410_014,2024-10-13,sidebar,kmg_selfserve,汽車,47101,56,870.4,TWD,0.552
cmp_202410_014,2024-10-14,sidebar,kmg_selfserve,汽車,52979,65,932.4,TWD,0.631
cmp_202410_014,2024-10-15,sidebar,kmg_selfserve,汽車,11723,12,274.55,TWD,0.716
cmp_202410_014,2024-10-16,sidebar,kmg_selfserve,汽車,90641,112,2299.22,TWD,0.776
cmp_202410_014,2024-10-17,sidebar,kmg_selfserve,汽車,40176,45,1104.39,TWD,0.73
cmp_202410_014,2024-10-18,sidebar,kmg_selfserve,汽車,16267,21,365.7,TWD,0.538
cmp_202410_014,2024-10-19,sidebar,kmg_selfserve,汽車,157462,227,3207.37,TWD,0.525
cmp_202410_014,2024-10-20,sidebar,kmg_selfserve,汽車,74484,86,1934.67,TWD,0.39
cmp_202410_014,2024-10-21,sidebar,kmg_selfserve,汽車,43684,31,917.94,TWD,0.636
cmp_202410_014,2024-10-22,sidebar,kmg_selfserve,汽車,8996,7,200.62,TWD,0.442
cmp_202410_014,2024-10-23,sidebar,kmg_selfserve,汽車,42101,37,921.35,TWD,0.7
cmp_202410_014,2024-10-24,sidebar,kmg_selfserve,汽車,25080,27,430.32,TWD,0.747
cmp_202410_014,2024-10-25,sidebar,kmg_selfserve,汽車,11171,15,271.27,TWD,0.366
cmp_202410_014,2024-10-26,sidebar,kmg_selfserve,汽車,26131,37,481.79,TWD,0.728
cmp_202410_014,2024-10-27,sidebar,kmg_selfserve,汽車,53878,71,903.88,TWD,0.495
cmp_202410_014,2024-10-28,sidebar,kmg_selfserve,汽車,21791,19,376.07,TWD,0.567
cmp_202410_014,2024-10-29,sidebar,kmg_selfserve,汽車,295761,285,7538.07,TWD,0.38
cmp_202410_014,2024-10-30,sidebar,kmg_selfserve,汽車,17591,15,366.85,TWD,0.512
cmp_202410_014,2024-10-11,video_preroll,kmg_selfserve,汽車,21669,256,3111.01,TWD,0.668
cmp_202410_014,2024-10-12,video_preroll,kmg_selfserve,汽車,45071,345,6876.16,TWD,0.546
cmp_202410_014,2024-10-13,video_preroll,kmg_selfserve,汽車,105724,767,18550.15,TWD,0.539
cmp_202410_014,2024-10-14,video_preroll,kmg_selfserve,汽車,51439,371,7535.81,TWD,0.529
cmp_202410_014,2024-10-15,video_preroll,kmg_selfserve,汽車,48068,444,6738.84,TWD,0.511
cmp_202410_014,2024-10-16,video_preroll,kmg_selfserve,汽車,9122,61,1027.01,TWD,0.594
cmp_202410_014,2024-10-17,video_preroll,kmg_selfserve,汽車,11713,125,2062.71,TWD,0.448
cmp_202410_014,2024-10-18,video_preroll,kmg_selfserve,汽車,60716,356,7809.89,TWD,0.571
cmp_202410_014,2024-10-19,video_preroll,kmg_selfserve,汽車,100681,832,17812.29,TWD,0.662
cmp_202410_014,2024-10-20,video_preroll,kmg_selfserve,汽車,28867,315,3143.96,TWD,0.438
cmp_202410_014,2024-10-21,video_preroll,kmg_selfserve,汽車,70050,398,10670.16,TWD,0.53
cmp_202410_014,2024-10-22,video_preroll,kmg_selfserve,汽車,125091,688,19491.78,TWD,0.681
cmp_202410_014,2024-10-23,video_preroll,kmg_selfserve,汽車,28662,264,3414.28,TWD,0.581
cmp_202410_014,2024-10-24,video_preroll,kmg_selfserve,汽車,27535,292,4214.55,TWD,0.603
cmp_202410_014,2024-10-25,video_preroll,kmg_selfserve,汽車,134262,1564,19689.7,TWD,0.65
cmp_202410_014,2024-10-26,video_preroll,kmg_selfserve,汽車,17721,206,2477.55,TWD,0.583
cmp_202410_014,2024-10-27,video_preroll,kmg_selfserve,汽車,153174,1689,21387.6,TWD,0.551
cmp_202410_014,2024-10-28,video_preroll,kmg_selfserve,汽車,33126,325,4946.44,TWD,0.549
cmp_202410_014,2024-10-29,video_preroll,kmg_selfserve,汽車,33822,240,4092.62,TWD,0.461
cmp_202410_014,2024-10-30,video_preroll,kmg_selfserve,汽車,84974,722,12454.21,TWD,0.823
cmp_202410_015,2024-10-16,sidebar,kmg_selfserve,汽車,55013,49,1367.53,TWD,0.717
cmp_202410_015,2024-10-17,sidebar,kmg_selfserve,汽車,54276,80,1462.57,TWD,0.532
cmp_202410_015,2024-10-18,sidebar,kmg_selfserve,汽車,70850,107,1532.45,TWD,0.788
cmp_202410_015,2024-10-19,sidebar,kmg_selfserve,汽車,11156,10,253.98,TWD,0.613
cmp_202410_015,2024-10-20,sidebar,kmg_selfserve,汽車,17636,20,442.13,TWD,0.662
cmp_202410_015,2024-10-21,sidebar,kmg_selfserve,汽車,27569,41,737.87,TWD,0.574
cmp_202410_015,2024-10-22,sidebar,kmg_selfserve,汽車,84624,66,1648.03,TWD,0.776
cmp_202410_015,2024-10-23,sidebar,kmg_selfserve,汽車,59469,67,1114.16,TWD,0.664
cmp_202410_015,2024-10-24,sidebar,kmg_selfserve,汽車,21936,22,366.34,TWD,0.736
cmp_202410_015,2024-10-25,sidebar,kmg_selfserve,汽車,26503,25,612.69,TWD,0.38
cmp_202410_015,2024-10-26,sidebar,kmg_selfserve,汽車,100166,141,2352.46,TWD,0.755
cmp_202410_016,2024-10-18,sidebar,kmg_direct,汽車,13538,14,256.0,TWD,0.722
cmp_202410_016,2024-10-19,sidebar,kmg_direct,汽車,8884,10,158.57,TWD,0.579
cmp_202410_016,2024-10-20,sidebar,kmg_direct,汽車,12637,15,212.37,TWD,0.538
cmp_202410_016,2024-10-21,sidebar,kmg_direct,汽車,36538,38,964.23,TWD,0.707
cmp_202410_016,2024-10-22,sidebar,kmg_direct,汽車,9607,12,200.72,TWD,0.535
cmp_202410_016,2024-10-23,sidebar,kmg_direct,汽車,102246,136,2570.84,TWD,0.613
cmp_202410_016,2024-10-24,sidebar,kmg_direct,汽車,22514,34,572.57,TWD,0.587
cmp_202410_016,2024-10-25,sidebar,kmg_direct,汽車,12204,10,316.23,TWD,0.655
cmp_202410_016,2024-10-18,video_preroll,kmg_direct,汽車,45073,291,8000.84,TWD,0.732
cmp_202410_016,2024-10-19,video_preroll,kmg_direct,汽車,12144,136,1899.91,TWD,0.615
cmp_202410_016,2024-10-20,video_preroll,kmg_direct,汽車,22975,235,3799.03,TWD,0.499
cmp_202410_016,2024-10-21,video_preroll,kmg_direct,汽車,29304,160,5306.49,TWD,0.415
cmp_202410_016,2024-10-22,video_preroll,kmg_direct,汽車,10573,123,1391.99,TWD,0.87
cmp_202410_016,2024-10-23,video_preroll,kmg_direct,汽車,378893,3609,51834.9,TWD,0.644
cmp_202410_016,2024-10-24,video_preroll,kmg_direct,汽車,111634,666,18273.81,TWD,0.524
cmp_202410_016,2024-10-25,video_preroll,kmg_direct,汽車,83789,578,13972.9,TWD,0.584
cmp_202410_017,2024-10-05,top_banner,openx_prog,汽車,18909,37,22.7,USD,0.434
cmp_202410_017,2024-10-06,top_banner,openx_prog,汽車,16415,31,24.62,USD,0.71
cmp_202410_017,2024-10-07,top_banner,openx_prog,汽車,28358,70,27.41,USD,
cmp_202410_017,2024-10-08,top_banner,openx_prog,汽車,45588,96,48.88,USD,0.774
cmp_202410_017,2024-10-09,top_banner,openx_prog,汽車,72553,162,78.77,USD,0.642
cmp_202410_017,2024-10-10,top_banner,openx_prog,汽車,40056,101,54.13,USD,
cmp_202410_017,2024-10-11,top_banner,openx_prog,汽車,35658,90,41.58,USD,0.567
cmp_202410_017,2024-10-12,top_banner,openx_prog,汽車,89559,120,107.21,USD,
cmp_202410_017,2024-10-13,top_banner,openx_prog,汽車,38614,68,41.91,USD,
cmp_202410_017,2024-10-14,top_banner,openx_prog,汽車,11090,17,15.59,USD,
cmp_202410_017,2024-10-15,top_banner,openx_prog,汽車,35598,79,47.55,USD,0.611
cmp_202410_017,2024-10-16,top_banner,openx_prog,汽車,49501,84,52.43,USD,0.516
cmp_202410_017,2024-10-17,top_banner,openx_prog,汽車,216164,267,271.66,USD,0.679
cmp_202410_017,2024-10-18,top_banner,openx_prog,汽車,63628,131,60.76,USD,0.689
cmp_202410_017,2024-10-05,in_article,openx_prog,汽車,28015,86,45.57,USD,0.742
cmp_202410_017,2024-10-06,in_article,openx_prog,汽車,59377,173,100.63,USD,0.783
cmp_202410_017,2024-10-07,in_article,openx_prog,汽車,24220,71,51.75,USD,0.64
cmp_202410_017,2024-10-08,in_article,openx_prog,汽車,28407,129,59.88,USD,0.784
cmp_202410_017,2024-10-09,in_article,openx_prog,汽車,38994,206,77.3,USD,0.505
cmp_202410_017,2024-10-10,in_article,openx_prog,汽車,110305,596,240.1,USD,0.465
cmp_202410_017,2024-10-11,in_article,openx_prog,汽車,42558,232,64.85,USD,0.752
cmp_202410_017,2024-10-12,in_article,openx_prog,汽車,65933,265,122.19,USD,0.504
cmp_202410_017,2024-10-13,in_article,openx_prog,汽車,39668,139,74.5,USD,0.633
cmp_202410_017,2024-10-14,in_article,openx_prog,汽車,149452,692,336.79,USD,
cmp_202410_017,2024-10-15,in_article,openx_prog,汽車,10108,32,23.36,USD,
cmp_202410_017,2024-10-16,in_article,openx_prog,汽車,18405,105,32.09,USD,0.698
cmp_202410_017,2024-10-17,in_article,openx_prog,汽車,65504,258,100.68,USD,0.422
cmp_202410_017,2024-10-18,in_article,openx_prog,汽車,59758,272,122.61,USD,0.67
cmp_202410_018,2024-10-01,sidebar,openx_prog,汽車,21172,26,13.7,USD,
cmp_202410_018,2024-10-02,sidebar,openx_prog,汽車,15876,16,8.57,USD,0.539
cmp_202410_018,2024-10-03,sidebar,openx_prog,汽車,59290,49,49.26,USD,0.86
cmp_202410_018,2024-10-04,sidebar,openx_prog,汽車,7270,9,4.81,USD,
cmp_202410_018,2024-10-05,sidebar,openx_prog,汽車,4331,3,3.22,USD,
cmp_202410_018,2024-10-06,sidebar,openx_prog,汽車,16156,21,13.13,USD,
cmp_202410_018,2024-10-07,sidebar,openx_prog,汽車,12114,13,10.51,USD,
cmp_202410_018,2024-10-08,sidebar,openx_prog,汽車,36219,42,30.99,USD,
cmp_202410_019,2024-10-23,video_preroll,openx_prog,3C,58876,474,275.08,USD,
cmp_202410_019,2024-10-24,video_preroll,openx_prog,3C,37153,340,201.65,USD,
cmp_202410_019,2024-10-25,video_preroll,openx_prog,3C,33708,344,152.99,USD,0.847
cmp_202410_019,2024-10-26,video_preroll,openx_prog,3C,38059,449,176.41,USD,0.745
cmp_202410_019,2024-10-27,video_preroll,openx_prog,3C,28468,154,124.9,USD,0.569
cmp_202410_019,2024-10-28,video_preroll,openx_prog,3C,11405,68,49.81,USD,
cmp_202410_019,2024-10-29,video_preroll,openx_prog,3C,19233,146,75.36,USD,0.832
cmp_202410_019,2024-10-30,video_preroll,openx_prog,3C,44985,518,212.34,USD,0.512
cmp_202410_019,2024-10-31,video_preroll,openx_prog,3C,10147,98,54.35,USD,
cmp_202410_019,2024-10-23,top_banner,openx_prog,3C,15016,22,19.06,USD,0.569
cmp_202410_019,2024-10-24,top_banner,openx_prog,3C,45961,91,52.73,USD,
cmp_202410_019,2024-10-25,top_banner,openx_prog,3C,16284,36,15.14,USD,0.495
cmp_202410_019,2024-10-26,top_banner,openx_prog,3C,21875,56,24.47,USD,
cmp_202410_019,2024-10-27,top_banner,openx_prog,3C,11884,15,15.49,USD,0.69
cmp_202410_019,2024-10-28,top_banner,openx_prog,3C,134064,323,198.54,USD,0.516
cmp_202410_019,2024-10-29,top_banner,openx_prog,3C,44232,55,54.28,USD,0.566
cmp_202410_019,2024-10-30,top_banner,openx_prog,3C,56097,135,75.43,USD,0.625
cmp_202410_019,2024-10-31,top_banner,openx_prog,3C,17359,30,23.85,USD,0.528
cmp_202410_020,2024-10-11,sidebar,openx_prog,政府標案,106200,76,82.93,USD,0.586
cmp_202410_020,2024-10-12,sidebar,openx_prog,政府標案,153907,221,100.38,USD,0.729
cmp_202410_020,2024-10-13,sidebar,openx_prog,政府標案,30310,33,16.69,USD,0.566
cmp_202410_020,2024-10-14,sidebar,openx_prog,政府標案,37782,38,25.44,USD,0.666
cmp_202410_020,2024-10-15,sidebar,openx_prog,政府標案,8541,13,6.52,USD,
cmp_202410_020,2024-10-16,sidebar,openx_prog,政府標案,46085,39,37.44,USD,
cmp_202410_020,2024-10-17,sidebar,openx_prog,政府標案,19832,14,10.67,USD,0.46
cmp_202410_020,2024-10-18,sidebar,openx_prog,政府標案,28076,20,21.44,USD,
cmp_202410_020,2024-10-19,sidebar,openx_prog,政府標案,22747,17,19.2,USD,
cmp_202410_020,2024-10-20,sidebar,openx_prog,政府標案,53264,67,39.77,USD,
cmp_202410_020,2024-10-21,sidebar,openx_prog,政府標案,6915,5,3.95,USD,0.741
cmp_202410_021,2024-10-15,in_article,kmg_direct,電商,42192,127,2327.92,TWD,0.611
cmp_202410_021,2024-10-16,in_article,kmg_direct,電商,44631,241,2686.52,TWD,0.608
cmp_202410_021,2024-10-17,in_article,kmg_direct,電商,19592,91,1360.47,TWD,0.807
cmp_202410_021,2024-10-18,in_article,kmg_direct,電商,50068,132,2593.28,TWD,0.529
cmp_202410_021,2024-10-19,in_article,kmg_direct,電商,6419,20,321.95,TWD,0.691
cmp_202410_021,2024-10-20,in_article,kmg_direct,電商,5542,17,419.14,TWD,0.76
cmp_202410_021,2024-10-21,in_article,kmg_direct,電商,33278,166,1756.27,TWD,0.478
cmp_202410_021,2024-10-22,in_article,kmg_direct,電商,69300,182,4345.88,TWD,0.657
cmp_202410_021,2024-10-23,in_article,kmg_direct,電商,44375,213,2694.53,TWD,0.581
cmp_202410_021,2024-10-24,in_article,kmg_direct,電商,71213,192,4761.2,TWD,0.564
cmp_202410_021,2024-10-25,in_article,kmg_direct,電商,16972,97,928.53,TWD,0.504
cmp_202410_021,2024-10-26,in_article,kmg_direct,電商,14415,68,1052.66,TWD,0.575
cmp_202410_021,2024-10-27,in_article,kmg_direct,電商,71908,190,5025.27,TWD,0.916
cmp_202410_021,2024-10-28,in_article,kmg_direct,電商,27328,94,1459.71,TWD,0.56
cmp_202410_021,2024-10-29,in_article,kmg_direct,電商,119562,503,5883.45,TWD,0.517
cmp_202410_021,2024-10-30,in_article,kmg_direct,電商,40839,175,2183.33,TWD,0.586
cmp_202410_021,2024-10-15,sidebar,kmg_direct,電商,63314,69,1158.05,TWD,0.672
cmp_202410_021,2024-10-16,sidebar,kmg_direct,電商,37488,50,928.78,TWD,0.522
cmp_202410_021,2024-10-17,sidebar,kmg_direct,電商,27959,43,528.72,TWD,0.367
cmp_202410_021,2024-10-18,sidebar,kmg_direct,電商,31532,29,719.53,TWD,0.687
cmp_202410_021,2024-10-19,sidebar,kmg_direct,電商,49583,45,1267.89,TWD,0.607
cmp_202410_021,2024-10-20,sidebar,kmg_direct,電商,35517,32,723.09,TWD,0.55
cmp_202410_021,2024-10-21,sidebar,kmg_direct,電商,19544,25,530.96,TWD,0.653
cmp_202410_021,2024-10-22,sidebar,kmg_direct,電商,13711,10,283.44,TWD,0.518
cmp_202410_021,2024-10-23,sidebar,kmg_direct,電商,281990,291,6007.54,TWD,0.454
cmp_202410_021,2024-10-24,sidebar,kmg_direct,電商,20636,31,527.39,TWD,0.522
cmp_202410_021,2024-10-25,sidebar,kmg_direct,電商,71100,96,1764.28,TWD,0.544
cmp_202410_021,2024-10-26,sidebar,kmg_direct,電商,59730,45,1254.99,TWD,0.709
cmp_202410_021,2024-10-27,sidebar,kmg_direct,電商,12754,12,311.37,TWD,0.659
cmp_202410_021,2024-10-28,sidebar,kmg_direct,電商,78703,116,1604.83,TWD,0.473
cmp_202410_021,2024-10-29,sidebar,kmg_direct,電商,28907,28,629.18,TWD,0.683
cmp_202410_021,2024-10-30,sidebar,kmg_direct,電商,6629,5,127.25,TWD,0.671
cmp_202410_022,2024-10-06,sidebar,adx_prog,汽車,36972,42,32.18,USD,0.62
cmp_202410_022,2024-10-07,sidebar,adx_prog,汽車,62030,63,35.98,USD,
cmp_202410_022,2024-10-08,sidebar,adx_prog,汽車,7145,8,5.87,USD,0.691
cmp_202410_022,2024-10-09,sidebar,adx_prog,汽車,59299,39,34.99,USD,0.778
cmp_202410_022,2024-10-10,sidebar,adx_prog,汽車,134981,121,84.6,USD,0.461
cmp_202410_022,2024-10-11,sidebar,adx_prog,汽車,36127,32,25.53,USD,0.622
cmp_202410_022,2024-10-12,sidebar,adx_prog,汽車,31178,42,16.51,USD,
cmp_202410_022,2024-10-06,video_preroll,adx_prog,汽車,36124,228,166.09,USD,0.714
cmp_202410_022,2024-10-07,video_preroll,adx_prog,汽車,24378,157,134.73,USD,
cmp_202410_022,2024-10-08,video_preroll,adx_prog,汽車,25914,147,113.82,USD,0.676
cmp_202410_022,2024-10-09,video_preroll,adx_prog,汽車,15655,171,61.53,USD,0.626
cmp_202410_022,2024-10-10,video_preroll,adx_prog,汽車,58373,358,314.21,USD,0.404
cmp_202410_022,2024-10-11,video_preroll,adx_prog,汽車,39152,203,169.02,USD,0.832
cmp_202410_022,2024-10-12,video_preroll,adx_prog,汽車,22633,192,85.03,USD,0.642
cmp_202410_023,2024-10-11,video_preroll,kmg_selfserve,美妝,141374,1147,16124.44,TWD,0.606
cmp_202410_023,2024-10-12,video_preroll,kmg_selfserve,美妝,29533,329,4398.17,TWD,0.744
cmp_202410_023,2024-10-13,video_preroll,kmg_selfserve,美妝,52650,461,9387.39,TWD,0.59
cmp_202410_023,2024-10-14,video_preroll,kmg_selfserve,美妝,36009,304,6520.08,TWD,0.601
cmp_202410_023,2024-10-15,video_preroll,kmg_selfserve,美妝,16637,119,2285.98,TWD,0.526
cmp_202410_023,2024-10-16,video_preroll,kmg_selfserve,美妝,37200,251,6411.8,TWD,0.758
cmp_202410_023,2024-10-17,video_preroll,kmg_selfserve,美妝,32168,219,4904.32,TWD,0.767
cmp_202410_023,2024-10-18,video_preroll,kmg_selfserve,美妝,38453,253,6437.37,TWD,0.583
cmp_202410_023,2024-10-19,video_preroll,kmg_selfserve,美妝,66348,504,9897.91,TWD,0.689
cmp_202410_023,2024-10-11,top_banner,kmg_selfserve,美妝,8931,21,294.28,TWD,0.774
cmp_202410_023,2024-10-12,top_banner,kmg_selfserve,美妝,86517,159,4000.35,TWD,0.581
cmp_202410_023,2024-10-13,top_banner,kmg_selfserve,美妝,38212,52,1484.79,TWD,0.551
cmp_202410_023,2024-10-14,top_banner,kmg_selfserve,美妝,18968,28,553.71,TWD,0.774
cmp_202410_023,2024-10-15,top_banner,kmg_selfserve,美妝,23163,52,723.91,TWD,0.591
cmp_202410_023,2024-10-16,top_banner,kmg_selfserve,美妝,5220,12,171.43,TWD,0.455
cmp_202410_023,2024-10-17,top_banner,kmg_selfserve,美妝,30961,38,1083.98,TWD,0.602
cmp_202410_023,2024-10-18,top_banner,kmg_selfserve,美妝,29497,63,1215.02,TWD,0.947
cmp_202410_023,2024-10-19,top_banner,kmg_selfserve,美妝,203993,486,7552.06,TWD,0.724
cmp_202410_024,2024-10-12,video_preroll,openx_prog,汽車,10525,104,45.6,USD,0.71
cmp_202410_024,2024-10-13,video_preroll,openx_prog,汽車,26329,172,139.68,USD,
cmp_202410_024,2024-10-14,video_preroll,openx_prog,汽車,89554,743,464.63,USD,0.537
cmp_202410_024,2024-10-15,video_preroll,openx_prog,汽車,18150,108,76.62,USD,0.807
cmp_202410_024,2024-10-16,video_preroll,openx_prog,汽車,38694,413,153.29,USD,
cmp_202410_024,2024-10-17,video_preroll,openx_prog,汽車,64462,661,337.27,USD,
cmp_202410_024,2024-10-18,video_preroll,openx_prog,汽車,15698,177,82.13,USD,0.526
cmp_202410_024,2024-10-19,video_preroll,openx_prog,汽車,31247,192,121.58,USD,0.663
cmp_202410_024,2024-10-20,video_preroll,openx_prog,汽車,86183,736,366.2,USD,0.521
cmp_202410_024,2024-10-21,video_preroll,openx_prog,汽車,114557,604,555.03,USD,0.754
cmp_202410_024,2024-10-22,video_preroll,openx_prog,汽車,174898,1561,749.3,USD,0.558
cmp_202410_024,2024-10-23,video_preroll,openx_prog,汽車,3386,31,13.94,USD,0.478
cmp_202410_024,2024-10-24,video_preroll,openx_prog,汽車,39301,350,216.73,USD,0.681
cmp_202410_024,2024-10-25,video_preroll,openx_prog,汽車,23248,192,118.22,USD,0.847
cmp_202410_024,2024-10-26,video_preroll,openx_prog,汽車,25770,286,100.46,USD,0.571
cmp_202410_024,2024-10-27,video_preroll,openx_prog,汽車,6091,57,29.71,USD,0.486
cmp_202410_024,2024-10-28,video_preroll,openx_prog,汽車,6732,38,30.33,USD,0.505
cmp_202410_024,2024-10-29,video_preroll,openx_prog,汽車,21041,184,95.34,USD,0.533
cmp_202410_024,2024-10-30,video_preroll,openx_prog,汽車,35314,276,135.25,USD,0.652
cmp_202410_024,2024-10-31,video_preroll,openx_prog,汽車,73148,654,286.71,USD,0.578
cmp_202410_025,2024-10-06,sidebar,kmg_direct,電商,48864,47,1020.73,TWD,0.553
cmp_202410_025,2024-10-07,sidebar,kmg_direct,電商,21184,23,356.0,TWD,0.716
cmp_202410_025,2024-10-08,sidebar,kmg_direct,電商,6067,6,130.73,TWD,0.772
cmp_202410_025,2024-10-09,sidebar,kmg_direct,電商,9638,8,191.65,TWD,0.73
cmp_202410_025,2024-10-10,sidebar,kmg_direct,電商,55928,74,1157.29,TWD,0.664
cmp_202410_025,2024-10-11,sidebar,kmg_direct,電商,71672,66,1639.27,TWD,0.689
cmp_202410_025,2024-10-12,sidebar,kmg_direct,電商,11104,9,188.22,TWD,0.702
cmp_202410_025,2024-10-13,sidebar,kmg_direct,電商,42389,33,719.74,TWD,0.564
cmp_202410_025,2024-10-14,sidebar,kmg_direct,電商,74165,94,1555.47,TWD,0.687
cmp_202410_025,2024-10-15,sidebar,kmg_direct,電商,27524,31,561.78,TWD,0.403
cmp_202410_025,2024-10-16,sidebar,kmg_direct,電商,185169,132,5043.72,TWD,0.431
cmp_202410_025,2024-10-17,sidebar,kmg_direct,電商,18758,25,466.76,TWD,0.545
cmp_202410_025,2024-10-18,sidebar,kmg_direct,電商,28871,31,599.57,TWD,0.449
cmp_202410_025,2024-10-19,sidebar,kmg_direct,電商,11124,14,281.4,TWD,0.605
cmp_202410_025,2024-10-20,sidebar,kmg_direct,電商,26124,34,712.23,TWD,0.593
cmp_202410_025,2024-10-21,sidebar,kmg_direct,電商,34957,38,840.41,TWD,0.473
cmp_202410_026,2024-10-12,video_preroll,kmg_selfserve,食品,17676,99,2077.51,TWD,0.372
cmp_202410_026,2024-10-13,video_preroll,kmg_selfserve,食品,5500,40,697.6,TWD,0.505
cmp_202410_026,2024-10-14,video_preroll,kmg_selfserve,食品,16998,169,2172.85,TWD,0.541
cmp_202410_026,2024-10-15,video_preroll,kmg_selfserve,食品,4108,45,660.93,TWD,0.638
cmp_202410_026,2024-10-16,video_preroll,kmg_selfserve,食品,22325,160,3442.29,TWD,0.501
cmp_202410_026,2024-10-17,video_preroll,kmg_selfserve,食品,28437,170,4037.22,TWD,0.579
cmp_202410_026,2024-10-18,video_preroll,kmg_selfserve,食品,27445,246,4224.42,TWD,0.493
cmp_202410_026,2024-10-19,video_preroll,kmg_selfserve,食品,22144,160,3833.36,TWD,0.534
cmp_202410_026,2024-10-20,video_preroll,kmg_selfserve,食品,26202,140,4692.32,TWD,0.797
cmp_202410_026,2024-10-21,video_preroll,kmg_selfserve,食品,26771,281,4417.02,TWD,0.624
cmp_202410_026,2024-10-22,video_preroll,kmg_selfserve,食品,6334,45,701.03,TWD,0.469
cmp_202410_026,2024-10-12,top_banner,kmg_selfserve,食品,19034,28,852.02,TWD,0.616
cmp_202410_026,2024-10-13,top_banner,kmg_selfserve,食品,18593,25,536.66,TWD,0.611
cmp_202410_026,2024-10-14,top_banner,kmg_selfserve,食品,55146,74,2112.34,TWD,0.565
cmp_202410_026,2024-10-15,top_banner,kmg_selfserve,食品,24407,41,1085.9,TWD,0.573
cmp_202410_026,2024-10-16,top_banner,kmg_selfserve,食品,79478,196,2615.96,TWD,0.723
cmp_202410_026,2024-10-17,top_banner,kmg_selfserve,食品,31023,70,944.92,TWD,0.554
cmp_202410_026,2024-10-18,top_banner,kmg_selfserve,食品,33766,72,1303.51,TWD,0.495
cmp_202410_026,2024-10-19,top_banner,kmg_selfserve,食品,26323,59,1134.89,TWD,0.614
cmp_202410_026,2024-10-20,top_banner,kmg_selfserve,食品,38014,83,1107.38,TWD,0.551
cmp_202410_026,2024-10-21,top_banner,kmg_selfserve,食品,6218,13,194.88,TWD,0.622
cmp_202410_026,2024-10-22,top_banner,kmg_selfserve,食品,33879,52,1153.32,TWD,0.546
cmp_202410_027,2024-10-12,sidebar,adx_prog,電商,41686,31,24.36,USD,
cmp_202410_027,2024-10-13,sidebar,adx_prog,電商,24710,24,18.62,USD,
cmp_202410_027,2024-10-14,sidebar,adx_prog,電商,12049,16,6.85,USD,
cmp_202410_027,2024-10-15,sidebar,adx_prog,電商,20857,28,16.9,USD,0.794
cmp_202410_027,2024-10-16,sidebar,adx_prog,電商,35477,24,29.89,USD,
cmp_202410_027,2024-10-17,sidebar,adx_prog,電商,55479,80,37.04,USD,0.566
cmp_202410_027,2024-10-18,sidebar,adx_prog,電商,325477,453,230.3,USD,0.671
cmp_202410_028,2024-10-07,sidebar,kmg_selfserve,電商,57410,55,1508.54,TWD,0.477
cmp_202410_028,2024-10-08,sidebar,kmg_selfserve,電商,23885,27,503.75,TWD,0.756
cmp_202410_028,2024-10-09,sidebar,kmg_selfserve,電商,7652,9,173.55,TWD,0.617
cmp_202410_028,2024-10-10,sidebar,kmg_selfserve,電商,29633,37,625.53,TWD,0.553
cmp_202410_028,2024-10-11,sidebar,kmg_selfserve,電商,32809,39,840.97,TWD,0.575
cmp_202410_028,2024-10-12,sidebar,kmg_selfserve,電商,136702,103,3372.03,TWD,0.513
cmp_202410_028,2024-10-13,sidebar,kmg_selfserve,電商,17253,16,465.39,TWD,0.797
cmp_202410_028,2024-10-14,sidebar,kmg_selfserve,電商,21837,20,559.7,TWD,0.649
cmp_202410_028,2024-10-15,sidebar,kmg_selfserve,電商,92743,133,2379.33,TWD,0.69
cmp_202410_028,2024-10-16,sidebar,kmg_selfserve,電商,37378,32,735.38,TWD,0.627
cmp_202410_028,2024-10-17,sidebar,kmg_selfserve,電商,69116,59,1228.22,TWD,0.48
cmp_202410_028,2024-10-18,sidebar,kmg_selfserve,電商,42318,55,1019.38,TWD,0.669
cmp_202410_028,2024-10-19,sidebar,kmg_selfserve,電商,25848,34,683.31,TWD,0.671
cmp_202410_028,2024-10-20,sidebar,kmg_selfserve,電商,42960,51,929.94,TWD,0.614
cmp_202410_028,2024-10-21,sidebar,kmg_selfserve,電商,66495,78,1751.16,TWD,0.529
cmp_202410_028,2024-10-22,sidebar,kmg_selfserve,電商,36537,25,653.72,TWD,0.568
cmp_202410_028,2024-10-23,sidebar,kmg_selfserve,電商,42592,46,947.04,TWD,0.624
cmp_202410_028,2024-10-07,video_preroll,kmg_selfserve,電商,35697,206,4053.19,TWD,0.679
cmp_202410_028,2024-10-08,video_preroll,kmg_selfserve,電商,121866,1061,14252.86,TWD,0.29
cmp_202410_028,2024-10-09,video_preroll,kmg_selfserve,電商,256662,2074,28551.04,TWD,0.65
cmp_202410_028,2024-10-10,video_preroll,kmg_selfserve,電商,31388,220,3555.95,TWD,0.629
cmp_202410_028,2024-10-11,video_preroll,kmg_selfserve,電商,23413,188,3418.4,TWD,0.635
cmp_202410_028,2024-10-12,video_preroll,kmg_selfserve,電商,53211,595,6746.0,TWD,0.513
cmp_202410_028,2024-10-13,video_preroll,kmg_selfserve,電商,43475,402,7036.86,TWD,0.607
cmp_202410_028,2024-10-14,video_preroll,kmg_selfserve,電商,18926,196,3338.87,TWD,0.61
cmp_202410_028,2024-10-15,video_preroll,kmg_selfserve,電商,15755,107,2338.59,TWD,0.711
cmp_202410_028,2024-10-16,video_preroll,kmg_selfserve,電商,21272,251,3453.74,TWD,0.624
cmp_202410_028,2024-10-17,video_preroll,kmg_selfserve,電商,40482,467,5756.89,TWD,0.463
cmp_202410_028,2024-10-18,video_preroll,kmg_selfserve,電商,16659,150,2455.18,TWD,0.472
cmp_202410_028,2024-10-19,video_preroll,kmg_selfserve,電商,25586,280,2942.27,TWD,0.648
cmp_202410_028,2024-10-20,video_preroll,kmg_selfserve,電商,33081,357,4915.44,TWD,0.696
cmp_202410_028,2024-10-21,video_preroll,kmg_selfserve,電商,17143,154,1885.95,TWD,0.504
cmp_202410_028,2024-10-22,video_preroll,kmg_selfserve,電商,20750,127,3269.02,TWD,0.538
cmp_202410_028,2024-10-23,video_preroll,kmg_selfserve,電商,10392,93,1473.97,TWD,0.757
cmp_202410_029,2024-10-04,video_preroll,openx_prog,政府標案,9974,67,35.04,USD,0.678
cmp_202410_029,2024-10-05,video_preroll,openx_prog,政府標案,14627,128,63.95,USD,
cmp_202410_029,2024-10-06,video_preroll,openx_prog,政府標案,259129,2717,1388.92,USD,
cmp_202410_029,2024-10-07,video_preroll,openx_prog,政府標案,104020,941,594.4,USD,0.738
cmp_202410_029,2024-10-08,video_preroll,openx_prog,政府標案,26984,321,149.41,USD,0.503
cmp_202410_029,2024-10-09,video_preroll,openx_prog,政府標案,45787,378,225.32,USD,
cmp_202410_029,2024-10-10,video_preroll,openx_prog,政府標案,81487,772,290.66,USD,0.631
cmp_202410_029,2024-10-11,video_preroll,openx_prog,政府標案,28938,158,110.72,USD,0.814
cmp_202410_029,2024-10-04,top_banner,openx_prog,政府標案,30448,52,30.94,USD,0.548
cmp_202410_029,2024-10-05,top_banner,openx_prog,政府標案,26436,46,25.86,USD,0.636
cmp_202410_029,2024-10-06,top_banner,openx_prog,政府標案,71331,83,65.56,USD,
cmp_202410_029,2024-10-07,top_banner,openx_prog,政府標案,10330,14,10.55,USD,0.588
cmp_202410_029,2024-10-08,top_banner,openx_prog,政府標案,2251,6,2.39,USD,0.739
cmp_202410_029,2024-10-09,top_banner,openx_prog,政府標案,28965,38,39.82,USD,
cmp_202410_029,2024-10-10,top_banner,openx_prog,政府標案,11997,27,15.59,USD,0.575
cmp_202410_029,2024-10-11,top_banner,openx_prog,政府標案,71257,179,100.83,USD,0.423
cmp_202410_030,2024-10-05,video_preroll,kmg_direct,電信,5701,54,745.97,TWD,0.61
cmp_202410_030,2024-10-06,video_preroll,kmg_direct,電信,18009,194,1983.73,TWD,0.594
cmp_202410_030,2024-10-07,video_preroll,kmg_direct,電信,57248,429,8592.75,TWD,0.787
cmp_202410_030,2024-10-08,video_preroll,kmg_direct,電信,22934,203,2656.65,TWD,0.676
cmp_202410_030,2024-10-09,video_preroll,kmg_direct,電信,15060,93,1717.07,TWD,0.593
cmp_202410_030,2024-10-10,video_preroll,kmg_direct,電信,17976,198,2950.0,TWD,0.634
cmp_202410_030,2024-10-11,video_preroll,kmg_direct,電信,108426,1159,12278.37,TWD,0.554
cmp_202410_030,2024-10-12,video_preroll,kmg_direct,電信,26924,177,4338.6,TWD,0.636
cmp_202410_030,2024-10-13,video_preroll,kmg_direct,電信,214409,2413,25447.09,TWD,0.597
cmp_202410_030,2024-10-14,video_preroll,kmg_direct,電信,26946,163,3402.15,TWD,0.742
cmp_202410_030,2024-10-15,video_preroll,kmg_direct,電信,6015,64,985.92,TWD,0.8
cmp_202410_030,2024-10-16,video_preroll,kmg_direct,電信,41335,470,6623.66,TWD,0.506
cmp_202410_030,2024-10-17,video_preroll,kmg_direct,電信,55615,312,7141.37,TWD,0.578
cmp_202410_030,2024-10-05,top_banner,kmg_direct,電信,38238,73,1715.9,TWD,0.685
cmp_202410_030,2024-10-06,top_banner,kmg_direct,電信,95042,146,3334.22,TWD,0.744
cmp_202410_030,2024-10-07,top_banner,kmg_direct,電信,42918,105,1942.24,TWD,0.507
cmp_202410_030,2024-10-08,top_banner,kmg_direct,電信,16885,32,496.76,TWD,0.65
cmp_202410_030,2024-10-09,top_banner,kmg_direct,電信,91141,146,3129.68,TWD,0.688
cmp_202410_030,2024-10-10,top_banner,kmg_direct,電信,10555,20,416.58,TWD,0.588
cmp_202410_030,2024-10-11,top_banner,kmg_direct,電信,41818,84,1509.78,TWD,0.733
cmp_202410_030,2024-10-12,top_banner,kmg_direct,電信,16864,24,572.29,TWD,0.543
cmp_202410_030,2024-10-13,top_banner,kmg_direct,電信,78981,115,3186.47,TWD,0.561
cmp_202410_030,2024-10-14,top_banner,kmg_direct,電信,85412,226,3515.95,TWD,0.42
cmp_202410_030,2024-10-15,top_banner,kmg_direct,電信,11889,30,487.23,TWD,0.655
cmp_202410_030,2024-10-16,top_banner,kmg_direct,電信,13024,18,592.9,TWD,0.667
cmp_202410_030,2024-10-17,top_banner,kmg_direct,電信,23349,56,887.58,TWD,0.402
cmp_202410_031,2024-10-12,in_article,kmg_selfserve,政府標案,21042,62,1454.21,TWD,0.546
cmp_202410_031,2024-10-13,in_article,kmg_selfserve,政府標案,87262,317,6277.79,TWD,0.726
cmp_202410_031,2024-10-14,in_article,kmg_selfserve,政府標案,27521,129,1870.04,TWD,0.633
cmp_202410_031,2024-10-15,in_article,kmg_selfserve,政府標案,23487,97,1799.74,TWD,0.7
cmp_202410_031,2024-10-16,in_article,kmg_selfserve,政府標案,24178,73,1310.84,TWD,0.522
cmp_202410_031,2024-10-17,in_article,kmg_selfserve,政府標案,8825,23,507.24,TWD,0.509
cmp_202410_031,2024-10-18,in_article,kmg_selfserve,政府標案,77926,275,3643.1,TWD,0.557
cmp_202410_031,2024-10-19,in_article,kmg_selfserve,政府標案,26432,105,1802.39,TWD,0.68
cmp_202410_031,2024-10-20,in_article,kmg_selfserve,政府標案,17428,99,1217.93,TWD,0.566
cmp_202410_031,2024-10-21,in_article,kmg_selfserve,政府標案,16341,87,1056.74,TWD,0.802
cmp_202410_031,2024-10-22,in_article,kmg_selfserve,政府標案,10323,32,766.81,TWD,0.666
cmp_202410_031,2024-10-23,in_article,kmg_selfserve,政府標案,9824,33,706.87,TWD,0.513
cmp_202410_031,2024-10-24,in_article,kmg_selfserve,政府標案,26809,149,1369.91,TWD,0.614
cmp_202410_031,2024-10-25,in_article,kmg_selfserve,政府標案,3977,19,194.05,TWD,0.592
cmp_202410_031,2024-10-26,in_article,kmg_selfserve,政府標案,50462,278,2416.46,TWD,0.625
cmp_202410_031,2024-10-27,in_article,kmg_selfserve,政府標案,42022,116,3174.04,TWD,0.465
cmp_202410_031,2024-10-28,in_article,kmg_selfserve,政府標案,16971,77,1109.47,TWD,0.747
cmp_202410_032,2024-10-19,video_preroll,kmg_direct,政府標案,94717,1111,15165.05,TWD,0.381
cmp_202410_032,2024-10-20,video_preroll,kmg_direct,政府標案,153968,1766,26347.37,TWD,0.632
cmp_202410_032,2024-10-21,video_preroll,kmg_direct,政府標案,145403,1034,16824.23,TWD,0.724
cmp_202410_032,2024-10-22,video_preroll,kmg_direct,政府標案,104537,926,14131.32,TWD,0.777
cmp_202410_032,2024-10-23,video_preroll,kmg_direct,政府標案,61364,694,7883.51,TWD,0.487
cmp_202410_032,2024-10-24,video_preroll,kmg_direct,政府標案,72180,634,9027.6,TWD,0.669
cmp_202410_032,2024-10-25,video_preroll,kmg_direct,政府標案,19208,119,2865.33,TWD,0.455
cmp_202410_032,2024-10-26,video_preroll,kmg_direct,政府標案,30072,248,5426.71,TWD,0.536
cmp_202410_032,2024-10-27,video_preroll,kmg_direct,政府標案,23244,135,3967.51,TWD,0.446
cmp_202410_032,2024-10-28,video_preroll,kmg_direct,政府標案,75255,750,13604.67,TWD,0.681
cmp_202410_032,2024-10-29,video_preroll,kmg_direct,政府標案,89039,1020,10906.36,TWD,0.514
cmp_202410_032,2024-10-30,video_preroll,kmg_direct,政府標案,184101,955,20621.14,TWD,0.421
cmp_202410_032,2024-10-31,video_preroll,kmg_direct,政府標案,14419,76,1963.15,TWD,0.666
cmp_202410_032,2024-10-19,top_banner,kmg_direct,政府標案,28942,65,1015.22,TWD,0.382
cmp_202410_032,2024-10-20,top_banner,kmg_direct,政府標案,40272,99,1147.82,TWD,0.654
cmp_202410_032,2024-10-21,top_banner,kmg_direct,政府標案,116805,136,3626.31,TWD,0.649
cmp_202410_032,2024-10-22,top_banner,kmg_direct,政府標案,82396,141,2751.57,TWD,0.529
cmp_202410_032,2024-10-23,top_banner,kmg_direct,政府標案,25277,67,845.43,TWD,0.552
cmp_202410_032,2024-10-24,top_banner,kmg_direct,政府標案,61298,83,2857.41,TWD,0.515
cmp_202410_032,2024-10-25,top_banner,kmg_direct,政府標案,131590,180,4169.56,TWD,0.637
cmp_202410_032,2024-10-26,top_banner,kmg_direct,政府標案,5186,9,181.6,TWD,0.661
cmp_202410_032,2024-10-27,top_banner,kmg_direct,政府標案,84967,162,3325.55,TWD,0.829
cmp_202410_032,2024-10-28,top_banner,kmg_direct,政府標案,8720,10,396.53,TWD,0.684
cmp_202410_032,2024-10-29,top_banner,kmg_direct,政府標案,61967,82,2695.75,TWD,0.537
cmp_202410_032,2024-10-30,top_banner,kmg_direct,政府標案,16278,36,631.95,TWD,0.843
cmp_202410_032,2024-10-31,top_banner,kmg_direct,政府標案,38085,63,1263.64,TWD,0.75
cmp_202410_033,2024-10-19,top_banner,kmg_direct,金融,26099,47,1142.88,TWD,0.82
cmp_202410_033,2024-10-20,top_banner,kmg_direct,金融,10012,14,469.92,TWD,0.5
cmp_202410_033,2024-10-21,top_banner,kmg_direct,金融,28065,38,1159.48,TWD,0.626
cmp_202410_033,2024-10-22,top_banner,kmg_direct,金融,102483,190,3692.33,TWD,0.722
cmp_202410_033,2024-10-23,top_banner,kmg_direct,金融,73874,125,3114.68,TWD,0.713
cmp_202410_033,2024-10-24,top_banner,kmg_direct,金融,48874,103,2145.92,TWD,0.73
cmp_202410_033,2024-10-25,top_banner,kmg_direct,金融,58997,95,2596.59,TWD,0.55
cmp_202410_033,2024-10-26,top_banner,kmg_direct,金融,123560,216,5316.14,TWD,0.543
cmp_202410_033,2024-10-27,top_banner,kmg_direct,金融,48206,78,2199.86,TWD,0.655
cmp_202410_033,2024-10-28,top_banner,kmg_direct,金融,733115,1523,21912.92,TWD,0.542
cmp_202410_033,2024-10-29,top_banner,kmg_direct,金融,9716,23,371.16,TWD,0.793
cmp_202410_033,2024-10-30,top_banner,kmg_direct,金融,4331,7,141.51,TWD,0.774
cmp_202410_033,2024-10-31,top_banner,kmg_direct,金融,14131,27,552.31,TWD,0.665
cmp_202410_033,2024-10-19,in_article,kmg_direct,金融,57478,246,3875.68,TWD,0.58
cmp_202410_033,2024-10-20,in_article,kmg_direct,金融,67478,321,3348.4,TWD,0.595
cmp_202410_033,2024-10-21,in_article,kmg_direct,金融,12485,69,681.14,TWD,0.648
cmp_202410_033,2024-10-22,in_article,kmg_direct,金融,5390,26,405.29,TWD,0.642
cmp_202410_033,2024-10-23,in_article,kmg_direct,金融,29049,112,1463.8,TWD,0.573
cmp_202410_033,2024-10-24,in_article,kmg_direct,金融,25613,124,1478.49,TWD,0.454
cmp_202410_033,2024-10-25,in_article,kmg_direct,金融,28167,120,1525.95,TWD,0.605
cmp_202410_033,2024-10-26,in_article,kmg_direct,金融,82897,445,5537.24,TWD,0.536
cmp_202410_033,2024-10-27,in_article,kmg_direct,金融,10520,51,735.53,TWD,0.501
cmp_202410_033,2024-10-28,in_article,kmg_direct,金融,147167,621,8742.31,TWD,0.437
cmp_202410_033,2024-10-29,in_article,kmg_direct,金融,5152,14,353.86,TWD,0.355
cmp_202410_033,2024-10-30,in_article,kmg_direct,金融,11698,37,709.79,TWD,0.641
cmp_202410_033,2024-10-31,in_article,kmg_direct,金融,142930,737,10705.12,TWD,0.688
cmp_202410_034,2024-10-04,top_banner,kmg_direct,3C,58080,129,2294.04,TWD,0.407
cmp_202410_034,2024-10-05,top_banner,kmg_direct,3C,20400,29,674.01,TWD,0.485
cmp_202410_034,2024-10-06,top_banner,kmg_direct,3C,154592,291,4759.39,TWD,0.745
cmp_202410_034,2024-10-07,top_banner,kmg_direct,3C,29313,34,1270.3,TWD,0.525
cmp_202410_034,2024-10-08,top_banner,kmg_direct,3C,97213,135,3592.72,TWD,0.519
cmp_202410_034,2024-10-09,top_banner,kmg_direct,3C,24500,37,1003.61,TWD,0.577
cmp_202410_034,2024-10-10,top_banner,kmg_direct,3C,22049,43,933.28,TWD,0.693
cmp_202410_034,2024-10-11,top_banner,kmg_direct,3C,34468,67,1251.91,TWD,0.664
cmp_202410_034,2024-10-12,top_banner,kmg_direct,3C,73945,182,2286.65,TWD,0.545
cmp_202410_034,2024-10-13,top_banner,kmg_direct,3C,144717,348,5432.55,TWD,0.744
cmp_202410_034,2024-10-14,top_banner,kmg_direct,3C,11698,24,377.11,TWD,0.37
cmp_202410_034,2024-10-15,top_banner,kmg_direct,3C,11556,25,371.99,TWD,0.683
cmp_202410_034,2024-10-16,top_banner,kmg_direct,3C,14633,20,593.55,TWD,0.714
cmp_202410_034,2024-10-17,top_banner,kmg_direct,3C,16479,35,729.04,TWD,0.504
cmp_202410_034,2024-10-18,top_banner,kmg_direct,3C,11193,24,487.59,TWD,0.697
cmp_202410_034,2024-10-19,top_banner,kmg_direct,3C,17362,31,632.75,TWD,0.832
cmp_202410_034,2024-10-20,top_banner,kmg_direct,3C,83133,146,2746.34,TWD,0.55
cmp_202410_034,2024-10-21,top_banner,kmg_direct,3C,190635,245,8925.67,TWD,0.409
cmp_202410_034,2024-10-22,top_banner,kmg_direct,3C,54538,109,2474.82,TWD,0.584
cmp_202410_034,2024-10-23,top_banner,kmg_direct,3C,44615,74,1297.67,TWD,0.601
cmp_202410_034,2024-10-04,in_article,kmg_direct,3C,64771,239,4791.77,TWD,0.641
cmp_202410_034,2024-10-05,in_article,kmg_direct,3C,14691,41,988.6,TWD,0.621
cmp_202410_034,2024-10-06,in_article,kmg_direct,3C,11817,41,710.22,TWD,0.728
cmp_202410_034,2024-10-07,in_article,kmg_direct,3C,169862,519,7970.79,TWD,0.779
cmp_202410_034,2024-10-08,in_article,kmg_direct,3C,94398,397,6959.52,TWD,0.543
cmp_202410_034,2024-10-09,in_article,kmg_direct,3C,63045,361,3621.21,TWD,0.404
cmp_202410_034,2024-10-10,in_article,kmg_direct,3C,32210,165,1702.58,TWD,0.596
cmp_202410_034,2024-10-11,in_article,kmg_direct,3C,34103,177,2188.73,TWD,0.654
cmp_202410_034,2024-10-12,in_article,kmg_direct,3C,25699,79,1586.0,TWD,0.591
cmp_202410_034,2024-10-13,in_article,kmg_direct,3C,21666,107,1305.11,TWD,0.633
cmp_202410_034,2024-10-14,in_article,kmg_direct,3C,29281,134,1830.65,TWD,0.688
cmp_202410_034,2024-10-15,in_article,kmg_direct,3C,13781,64,955.82,TWD,0.398
cmp_202410_034,2024-10-16,in_article,kmg_direct,3C,13192,55,977.87,TWD,0.65
cmp_202410_034,2024-10-17,in_article,kmg_direct,3C,39112,100,1907.34,TWD,0.788
cmp_202410_034,2024-10-18,in_article,kmg_direct,3C,16625,54,1271.77,TWD,0.364
cmp_202410_034,2024-10-19,in_article,kmg_direct,3C,27491,118,1634.53,TWD,0.426
cmp_202410_034,2024-10-20,in_article,kmg_direct,3C,54304,140,2928.62,TWD,0.518
cmp_202410_034,2024-10-21,in_article,kmg_direct,3C,30062,115,1532.65,TWD,0.63
cmp_202410_034,2024-10-22,in_article,kmg_direct,3C,51039,263,2915.35,TWD,0.412
cmp_202410_034,2024-10-23,in_article,kmg_direct,3C,26977,97,1311.99,TWD,0.777
cmp_202410_035,2024-10-11,video_preroll,kmg_direct,電信,60204,350,8446.37,TWD,0.684
cmp_202410_035,2024-10-12,video_preroll,kmg_direct,電信,23239,156,3244.62,TWD,0.522
cmp_202410_035,2024-10-13,video_preroll,kmg_direct,電信,22454,163,3548.37,TWD,0.777
cmp_202410_035,2024-10-14,video_preroll,kmg_direct,電信,27748,211,3723.74,TWD,0.531
cmp_202410_035,2024-10-15,video_preroll,kmg_direct,電信,63968,392,11002.78,TWD,0.44
cmp_202410_035,2024-10-16,video_preroll,kmg_direct,電信,10721,61,1245.87,TWD,0.721
cmp_202410_035,2024-10-17,video_preroll,kmg_direct,電信,15842,125,2699.49,TWD,0.542
cmp_202410_035,2024-10-18,video_preroll,kmg_direct,電信,33148,178,3935.71,TWD,0.59
cmp_202410_035,2024-10-19,video_preroll,kmg_direct,電信,8525,84,979.72,TWD,0.59
cmp_202410_035,2024-10-20,video_preroll,kmg_direct,電信,30673,234,4485.93,TWD,0.546
cmp_202410_035,2024-10-21,video_preroll,kmg_direct,電信,127954,959,21035.1,TWD,0.618
cmp_202410_035,2024-10-22,video_preroll,kmg_direct,電信,25181,234,4501.88,TWD,0.718
cmp_202410_035,2024-10-23,video_preroll,kmg_direct,電信,18830,223,2359.51,TWD,0.653
cmp_202410_035,2024-10-24,video_preroll,kmg_direct,電信,28341,242,5093.11,TWD,0.644
cmp_202410_035,2024-10-25,video_preroll,kmg_direct,電信,16194,112,2778.79,TWD,0.615
cmp_202410_035,2024-10-26,video_preroll,kmg_direct,電信,9317,58,1442.41,TWD,0.565
cmp_202410_035,2024-10-11,top_banner,kmg_direct,電信,58100,76,2028.65,TWD,0.83
cmp_202410_035,2024-10-12,top_banner,kmg_direct,電信,30795,49,1260.0,TWD,0.654
cmp_202410_035,2024-10-13,top_banner,kmg_direct,電信,63652,117,1934.92,TWD,0.681
cmp_202410_035,2024-10-14,top_banner,kmg_direct,電信,128886,254,4556.9,TWD,0.843
cmp_202410_035,2024-10-15,top_banner,kmg_direct,電信,123276,154,4929.52,TWD,0.601
cmp_202410_035,2024-10-16,top_banner,kmg_direct,電信,49943,63,1771.41,TWD,0.797
cmp_202410_035,2024-10-17,top_banner,kmg_direct,電信,18967,37,542.48,TWD,0.817
cmp_202410_035,2024-10-18,top_banner,kmg_direct,電信,70899,183,2229.08,TWD,0.489
cmp_202410_035,2024-10-19,top_banner,kmg_direct,電信,20536,50,887.35,TWD,0.505
cmp_202410_035,2024-10-20,top_banner,kmg_direct,電信,28605,75,1313.1,TWD,0.735
cmp_202410_035,2024-10-21,top_banner,kmg_direct,電信,4769,11,168.39,TWD,0.655
cmp_202410_035,2024-10-22,top_banner,kmg_direct,電信,44809,80,2080.4,TWD,0.627
cmp_202410_035,2024-10-23,top_banner,kmg_direct,電信,7542,10,314.14,TWD,0.845
cmp_202410_035,2024-10-24,top_banner,kmg_direct,電信,18263,33,527.95,TWD,0.577
cmp_202410_035,2024-10-25,top_banner,kmg_direct,電信,46042,77,1324.3,TWD,0.652
cmp_202410_035,2024-10-26,top_banner,kmg_direct,電信,49440,90,1682.58,TWD,0.523
cmp_202410_036,2024-10-18,in_article,kmg_direct,3C,80173,374,3877.93,TWD,0.675
cmp_202410_036,2024-10-19,in_article,kmg_direct,3C,79869,341,4982.96,TWD,0.706
cmp_202410_036,2024-10-20,in_article,kmg_direct,3C,4436,25,264.35,TWD,0.683
cmp_202410_036,2024-10-21,in_article,kmg_direct,3C,25688,71,1938.24,TWD,0.571
cmp_202410_036,2024-10-22,in_article,kmg_direct,3C,21049,109,1100.87,TWD,0.644
cmp_202410_036,2024-10-23,in_article,kmg_direct,3C,15232,60,1054.25,TWD,0.684
cmp_202410_036,2024-10-24,in_article,kmg_direct,3C,17877,59,1017.04,TWD,0.857
cmp_202410_036,2024-10-25,in_article,kmg_direct,3C,47204,131,3169.87,TWD,0.604
cmp_202410_036,2024-10-26,in_article,kmg_direct,3C,25209,103,1660.19,TWD,0.39
cmp_202410_036,2024-10-27,in_article,kmg_direct,3C,154593,665,9889.75,TWD,0.613
cmp_202410_036,2024-10-28,in_article,kmg_direct,3C,10291,40,649.21,TWD,0.644
cmp_202410_036,2024-10-29,in_article,kmg_direct,3C,9678,38,482.35,TWD,0.589
cmp_202410_036,2024-10-30,in_article,kmg_direct,3C,24579,72,1550.86,TWD,0.625
cmp_202410_036,2024-10-31,in_article,kmg_direct,3C,81816,247,6080.55,TWD,0.849
cmp_202410_037,2024-10-09,in_article,openx_prog,政府標案,9292,25,21.84,USD,0.489
cmp_202410_037,2024-10-10,in_article,openx_prog,政府標案,24359,114,59.27,USD,0.779
cmp_202410_037,2024-10-11,in_article,openx_prog,政府標案,39091,170,80.51,USD,0.711
cmp_202410_037,2024-10-12,in_article,openx_prog,政府標案,80143,406,137.96,USD,
cmp_202410_037,2024-10-13,in_article,openx_prog,政府標案,43813,203,85.1,USD,0.753
cmp_202410_037,2024-10-14,in_article,openx_prog,政府標案,16456,69,25.84,USD,
cmp_202410_037,2024-10-15,in_article,openx_prog,政府標案,60004,337,116.56,USD,0.356
cmp_202410_037,2024-10-16,in_article,openx_prog,政府標案,8691,29,18.91,USD,0.708
cmp_202410_037,2024-10-17,in_article,openx_prog,政府標案,10483,48,22.17,USD,0.503
cmp_202410_037,2024-10-18,in_article,openx_prog,政府標案,26577,136,48.55,USD,
cmp_202410_037,2024-10-19,in_article,openx_prog,政府標案,14842,47,25.75,USD,
cmp_202410_037,2024-10-20,in_article,openx_prog,政府標案,22617,110,52.9,USD,
cmp_202410_037,2024-10-21,in_article,openx_prog,政府標案,25649,85,49.11,USD,
cmp_202410_037,2024-10-22,in_article,openx_prog,政府標案,132186,408,234.96,USD,
cmp_202410_037,2024-10-23,in_article,openx_prog,政府標案,350634,1245,536.57,USD,
cmp_202410_037,2024-10-24,in_article,openx_prog,政府標案,16838,54,38.85,USD,0.599
cmp_202410_037,2024-10-25,in_article,openx_prog,政府標案,31491,147,74.04,USD,
cmp_202410_037,2024-10-26,in_article,openx_prog,政府標案,391204,1219,602.96,USD,0.658
cmp_202410_037,2024-10-27,in_article,openx_prog,政府標案,61831,278,94.07,USD,0.749
cmp_202410_037,2024-10-28,in_article,openx_prog,政府標案,9269,51,21.09,USD,
cmp_202410_038,2024-10-20,video_preroll,kmg_selfserve,政府標案,44994,333,5288.71,TWD,0.432
cmp_202410_038,2024-10-21,video_preroll,kmg_selfserve,政府標案,20766,227,3220.13,TWD,0.574
cmp_202410_038,2024-10-22,video_preroll,kmg_selfserve,政府標案,108916,697,16965.85,TWD,0.519
cmp_202410_038,2024-10-23,video_preroll,kmg_selfserve,政府標案,6304,69,840.12,TWD,0.709
cmp_202410_038,2024-10-24,video_preroll,kmg_selfserve,政府標案,71429,550,8789.08,TWD,0.481
cmp_202410_038,2024-10-25,video_preroll,kmg_selfserve,政府標案,68771,369,8182.26,TWD,0.354
cmp_202410_038,2024-10-26,video_preroll,kmg_selfserve,政府標案,19578,117,3442.01,TWD,0.546
cmp_202410_038,2024-10-27,video_preroll,kmg_selfserve,政府標案,94091,569,13795.34,TWD,0.574
cmp_202410_038,2024-10-28,video_preroll,kmg_selfserve,政府標案,25876,142,3626.5,TWD,0.495
cmp_202410_038,2024-10-29,video_preroll,kmg_selfserve,政府標案,33247,238,5819.25,TWD,0.629
cmp_202410_038,2024-10-30,video_preroll,kmg_selfserve,政府標案,56178,300,9749.09,TWD,0.67
cmp_202410_038,2024-10-31,video_preroll,kmg_selfserve,政府標案,20105,189,2288.54,TWD,0.726
cmp_202410_039,2024-10-15,in_article,kmg_direct,食品,92446,260,5935.23,TWD,0.748
cmp_202410_039,2024-10-16,in_article,kmg_direct,食品,172395,637,10002.2,TWD,0.648
cmp_202410_039,2024-10-17,in_article,kmg_direct,食品,998,5,55.79,TWD,0.447
cmp_202410_039,2024-10-18,in_article,kmg_direct,食品,101959,370,6310.09,TWD,0.68
cmp_202410_039,2024-10-19,in_article,kmg_direct,食品,74247,233,4795.37,TWD,0.648
cmp_202410_039,2024-10-20,in_article,kmg_direct,食品,7657,36,553.54,TWD,0.566
cmp_202410_039,2024-10-21,in_article,kmg_direct,食品,37594,191,2038.4,TWD,0.381
cmp_202410_039,2024-10-22,in_article,kmg_direct,食品,5176,16,272.38,TWD,0.526
cmp_202410_039,2024-10-23,in_article,kmg_direct,食品,8153,35,474.76,TWD,0.65
cmp_202410_039,2024-10-24,in_article,kmg_direct,食品,23334,66,1102.16,TWD,0.66
cmp_202410_039,2024-10-25,in_article,kmg_direct,食品,7986,43,556.56,TWD,0.646
cmp_202410_039,2024-10-26,in_article,kmg_direct,食品,88313,391,6637.18,TWD,0.496
cmp_202410_039,2024-10-27,in_article,kmg_direct,食品,20815,55,1064.02,TWD,0.641
cmp_202410_039,2024-10-28,in_article,kmg_direct,食品,99782,480,6727.92,TWD,0.562
cmp_202410_040,2024-10-13,top_banner,openx_prog,政府標案,74516,104,82.54,USD,
cmp_202410_040,2024-10-14,top_banner,openx_prog,政府標案,11121,16,15.6,USD,
cmp_202410_040,2024-10-15,top_banner,openx_prog,政府標案,22439,34,32.98,USD,
cmp_202410_040,2024-10-16,top_banner,openx_prog,政府標案,33119,82,35.71,USD,0.507
cmp_202410_040,2024-10-17,top_banner,openx_prog,政府標案,64647,107,59.36,USD,0.563
cmp_202410_040,2024-10-18,top_banner,openx_prog,政府標案,15236,23,19.96,USD,0.843
cmp_202410_040,2024-10-19,top_banner,openx_prog,政府標案,24091,30,27.66,USD,
cmp_202410_040,2024-10-20,top_banner,openx_prog,政府標案,40136,52,45.77,USD,
cmp_202410_040,2024-10-21,top_banner,openx_prog,政府標案,53959,117,52.77,USD,0.541
cmp_202410_040,2024-10-22,top_banner,openx_prog,政府標案,4067,11,4.9,USD,
cmp_202410_040,2024-10-23,top_banner,openx_prog,政府標案,42552,66,39.9,USD,0.544
cmp_202410_040,2024-10-24,top_banner,openx_prog,政府標案,19585,36,20.41,USD,
cmp_202410_040,2024-10-25,top_banner,openx_prog,政府標案,75189,172,89.42,USD,0.574
cmp_202410_040,2024-10-26,top_banner,openx_prog,政府標案,18800,42,23.27,USD,0.703
cmp_202410_040,2024-10-27,top_banner,openx_prog,政府標案,34906,88,51.03,USD,0.46
cmp_202410_040,2024-10-28,top_banner,openx_prog,政府標案,26119,30,35.95,USD,0.497
cmp_202410_040,2024-10-29,top_banner,openx_prog,政府標案,115366,148,125.58,USD,0.595
cmp_202410_040,2024-10-30,top_banner,openx_prog,政府標案,27709,53,27.63,USD,
cmp_202410_040,2024-10-31,top_banner,openx_prog,政府標案,26022,36,26.53,USD,0.703
cmp_202410_041,2024-10-07,video_preroll,kmg_selfserve,食品,20734,108,3152.75,TWD,0.603
cmp_202410_041,2024-10-08,video_preroll,kmg_selfserve,食品,23571,143,3033.24,TWD,0.676
cmp_202410_041,2024-10-09,video_preroll,kmg_selfserve,食品,24471,243,4135.91,TWD,0.556
cmp_202410_041,2024-10-10,video_preroll,kmg_selfserve,食品,30672,168,5068.29,TWD,0.733
cmp_202410_041,2024-10-11,video_preroll,kmg_selfserve,食品,10743,87,1758.05,TWD,0.566
cmp_202410_041,2024-10-12,video_preroll,kmg_selfserve,食品,78469,743,9811.31,TWD,0.694
cmp_202410_041,2024-10-13,video_preroll,kmg_selfserve,食品,15455,129,1829.54,TWD,0.704
cmp_202410_041,2024-10-14,video_preroll,kmg_selfserve,食品,36787,385,4011.56,TWD,0.735
cmp_202410_041,2024-10-15,video_preroll,kmg_selfserve,食品,24832,183,2834.82,TWD,0.761
cmp_202410_041,2024-10-16,video_preroll,kmg_selfserve,食品,16474,91,2952.79,TWD,0.53
cmp_202410_041,2024-10-17,video_preroll,kmg_selfserve,食品,14830,79,2145.64,TWD,0.735
cmp_202410_041,2024-10-18,video_preroll,kmg_selfserve,食品,31395,277,5648.26,TWD,0.531
cmp_202410_041,2024-10-07,top_banner,kmg_selfserve,食品,79301,134,3730.29,TWD,0.544
cmp_202410_041,2024-10-08,top_banner,kmg_selfserve,食品,56169,126,1939.51,TWD,0.78
cmp_202410_041,2024-10-09,top_banner,kmg_selfserve,食品,39602,84,1142.64,TWD,0.681
cmp_202410_041,2024-10-10,top_banner,kmg_selfserve,食品,22753,40,770.07,TWD,0.634
cmp_202410_041,2024-10-11,top_banner,kmg_selfserve,食品,5006,11,214.12,TWD,0.663
cmp_202410_041,2024-10-12,top_banner,kmg_selfserve,食品,21968,46,758.11,TWD,0.524
cmp_202410_041,2024-10-13,top_banner,kmg_selfserve,食品,18434,45,673.92,TWD,0.864
cmp_202410_041,2024-10-14,top_banner,kmg_selfserve,食品,62697,145,2802.74,TWD,0.535
cmp_202410_041,2024-10-15,top_banner,kmg_selfserve,食品,73165,163,2984.11,TWD,0.826
cmp_202410_041,2024-10-16,top_banner,kmg_selfserve,食品,39724,63,1638.84,TWD,0.707
cmp_202410_041,2024-10-17,top_banner,kmg_selfserve,食品,15389,24,579.47,TWD,0.671
cmp_202410_041,2024-10-18,top_banner,kmg_selfserve,食品,13306,28,516.74,TWD,0.471
cmp_202410_042,2024-10-16,sidebar,kmg_direct,旅遊,33837,31,716.1,TWD,0.761
cmp_202410_042,2024-10-17,sidebar,kmg_direct,旅遊,169869,159,3986.99,TWD,0.434
cmp_202410_042,2024-10-18,sidebar,kmg_direct,旅遊,18022,26,436.41,TWD,0.516
cmp_202410_042,2024-10-19,sidebar,kmg_direct,旅遊,46812,51,1008.47,TWD,0.389
cmp_202410_042,2024-10-20,sidebar,kmg_direct,旅遊,9733,14,236.35,TWD,0.579
cmp_202410_042,2024-10-21,sidebar,kmg_direct,旅遊,28477,35,695.39,TWD,0.723
cmp_202410_042,2024-10-22,sidebar,kmg_direct,旅遊,5584,5,103.55,TWD,0.677
cmp_202410_042,2024-10-23,sidebar,kmg_direct,旅遊,125383,117,2830.82,TWD,0.553
cmp_202410_042,2024-10-16,video_preroll,kmg_direct,旅遊,84188,848,12054.15,TWD,0.485
cmp_202410_042,2024-10-17,video_preroll,kmg_direct,旅遊,46851,353,5707.05,TWD,0.538
cmp_202410_042,2024-10-18,video_preroll,kmg_direct,旅遊,10676,86,1291.72,TWD,0.626
cmp_202410_042,2024-10-19,video_preroll,kmg_direct,旅遊,52384,492,6107.06,TWD,0.635
cmp_202410_042,2024-10-20,video_preroll,kmg_direct,旅遊,38588,329,4710.82,TWD,0.681
cmp_202410_042,2024-10-21,video_preroll,kmg_direct,旅遊,25024,251,2936.65,TWD,0.514
cmp_202410_042,2024-10-22,video_preroll,kmg_direct,旅遊,68518,398,12085.39,TWD,0.599
cmp_202410_042,2024-10-23,video_preroll,kmg_direct,旅遊,11007,79,1364.85,TWD,0.419
