staff_id,staff_name,section_id,seniority_year
stf_0001,陳承翰,sec_vid,8
stf_0002,楊美玲,sec_life,15
stf_0003,郭詩涵,sec_deep,1
stf_0004,鄭怡君,sec_ent,18
stf_0005,洪映彤,sec_brand,11
stf_0006,林郁婷,sec_opin,17
stf_0007,黃冠宇,sec_life,6
stf_0008,鄭怡君,sec_soc,14
stf_0009,劉建宏,sec_brand,17
stf_0010,李佩君,sec_intl,9
stf_0011,吳映彤,sec_soc,3
stf_0012,邱建宏,sec_soc,9
stf_0013,張志豪,sec_fin,5
stf_0014,邱美玲,sec_intl,4
stf_0015,王俊傑,sec_ent,4
stf_0016,曾志豪,sec_brand,12
stf_0017,許美玲,sec_brand,7
stf_0018,邱柏瑋,sec_edu,5
stf_0019,陳雅婷,sec_vid,1
stf_0020,陳秉修,sec_opin,3
stf_0021,吳雅婷,sec_soc,7
stf_0022,王佩君,sec_vid,10
stf_0023,賴淑芬,sec_edu,14
stf_0024,蔡映彤,sec_sport,2
stf_0025,楊心怡,sec_short,2
stf_0026,張心怡,sec_pol,11
stf_0027,曾怡君,sec_short,2
stf_0028,張佩君,sec_pol,8
stf_0029,陳郁婷,sec_shop,16
stf_0030,鄭曉雯,sec_sport,6
stf_0031,吳淑芬,sec_edu,7
stf_0032,賴家豪,sec_intl,7
stf_0033,吳雅婷,sec_fin,13
stf_0034,鄭雅婷,sec_ent,9
stf_0035,洪怡君,sec_shop,11
stf_0036,曾柏瑋,sec_vid,5
stf_0037,郭映彤,sec_opin,16
stf_0038,黃曉雯,sec_fin,16
stf_0039,周雅婷,sec_env,5
stf_0040,劉淑芬,sec_opin,8
stf_0041,邱曉雯,sec_fin,13
stf_0042,許柏瑋,sec_soc,13
stf_0043,廖宗翰,sec_fin,10
stf_0044,劉雅婷,sec_soc,2
stf_0045,廖俊傑,sec_shop,12
stf_0046,曾宗翰,sec_intl,2
stf_0047,廖映彤,sec_life,18
stf_0048,張承翰,sec_sport,12
stf_0049,廖詩涵,sec_fin,7
stf_0050,曾秉修,sec_intl,16
stf_0051,許淑芬,sec_life,16
stf_0052,周淑芬,sec_opin,13
stf_0053,賴柏瑋,sec_edu,11
stf_0054,劉詩涵,sec_env,11
stf_0055,曾建宏,sec_pod,6
stf_0056,郭心怡,sec_opin,11
stf_0057,洪怡君,sec_env,9
stf_0058,許佩君,sec_ent,14
stf_0059,蔡淑芬,sec_ent,17
stf_0060,鄭郁婷,sec_vid,2
stf_0061,謝淑芬,sec_soc,7
stf_0062,王淑芬,sec_pod,11
stf_0063,曾佩君,sec_pol,10
stf_0064,王郁婷,sec_pol,13
stf_0065,謝宗翰,sec_pol,2
stf_0066,劉志豪,sec_fin,2
stf_0067,鄭秉修,sec_ent,6
stf_0068,陳冠宇,sec_vid,1
stf_0069,鄭佩君,sec_pol,4
stf_0070,吳美玲,sec_ent,15
stf_0071,黃美玲,sec_sport,9
stf_0072,鄭建宏,sec_edu,7
stf_0073,吳佩君,sec_brand,2
stf_0074,廖佩君,sec_brand,15
stf_0075,李承翰,sec_tech,16
stf_0076,謝承翰,sec_pod,7
stf_0077,周佩君,sec_short,3
stf_0078,邱冠宇,sec_edu,18
stf_0079,賴雅婷,sec_pol,17
stf_0080,賴雅婷,sec_pol,15
stf_0081,廖佩君,sec_pol,14
stf_0082,許宗翰,sec_event,4
stf_0083,劉彥廷,sec_vid,13
stf_0084,邱宗翰,sec_edu,9
stf_0085,林俊傑,sec_fin,13
stf_0086,黃郁婷,sec_deep,10
stf_0087,郭映彤,sec_life,11
stf_0088,楊心怡,sec_vid,13
stf_0089,鄭柏瑋,sec_deep,1
stf_0090,賴家豪,sec_event,15
stf_0091,張映彤,sec_soc,11
stf_0092,邱冠宇,sec_tech,3
stf_0093,許俊傑,sec_life,13
stf_0094,謝美玲,sec_pod,1
stf_0095,賴淑芬,sec_fin,15
stf_0096,劉詩涵,sec_env,16
stf_0097,劉曉雯,sec_ent,6
stf_0098,李美玲,sec_edu,5
stf_0099,邱美玲,sec_soc,17
stf_0100,邱志豪,sec_intl,9
stf_0101,吳彥廷,sec_deep,14
stf_0102,周佩君,sec_life,17
stf_0103,林志豪,sec_shop,14
stf_0104,張冠宇,sec_edu,18
stf_0105,邱淑芬,sec_pod,2
stf_0106,鄭俊傑,sec_vid,4
stf_0107,賴宗翰,sec_sport,10
stf_0108,陳柏瑋,sec_shop,5
stf_0109,周美玲,sec_pol,6
stf_0110,李柏瑋,sec_edu,4
stf_0111,許冠宇,sec_soc,5
stf_0112,許怡君,sec_intl,13
stf_0113,許郁婷,sec_deep,11
stf_0114,楊俊傑,sec_pol,16
stf_0115,蔡秉修,sec_short,13
stf_0116,謝雅婷,sec_brand,14
stf_0117,謝心怡,sec_intl,11
stf_0118,陳淑芬,sec_ent,8
stf_0119,劉雅婷,sec_shop,11
stf_0120,陳冠宇,sec_edu,7
stf_0121,楊郁婷,sec_shop,16
stf_0122,林建宏,sec_fin,6
stf_0123,廖心怡,sec_vid,18
stf_0124,劉雅婷,sec_opin,7
stf_0125,張美玲,sec_deep,8
stf_0126,蔡佩君,sec_fin,7
stf_0127,吳承翰,sec_brand,13
stf_0128,林志豪,sec_pol,4
stf_0129,曾柏瑋,sec_pod,15
stf_0130,林家豪,sec_deep,13
stf_0131,周冠宇,sec_pol,18
stf_0132,黃心怡,sec_tech,16
stf_0133,林淑芬,sec_brand,2
stf_0134,吳怡君,sec_ent,15
stf_0135,劉建宏,sec_ent,16
stf_0136,黃秉修,sec_event,18
stf_0137,劉詩涵,sec_fin,6
stf_0138,周心怡,sec_soc,14
stf_0139,李雅婷,sec_soc,13
stf_0140,曾美玲,sec_env,10
stf_0141,曾建宏,sec_sport,3
stf_0142,林建宏,sec_shop,4
stf_0143,邱佩君,sec_ent,14
stf_0144,林建宏,sec_shop,12
stf_0145,鄭冠宇,sec_tech,7
stf_0146,李冠宇,sec_tech,8
stf_0147,林志豪,sec_fin,1
stf_0148,蔡佩君,sec_shop,17
stf_0149,蔡曉雯,sec_brand,6
stf_0150,劉家豪,sec_fin,15
stf_0151,周曉雯,sec_env,14
stf_0152,林俊傑,sec_short,14
stf_0153,邱柏瑋,sec_deep,18
stf_0154,劉曉雯,sec_brand,8
stf_0155,李秉修,sec_opin,14
stf_0156,許家豪,sec_deep,16
stf_0157,謝郁婷,sec_brand,14
stf_0158,許心怡,sec_shop,12
stf_0159,鄭曉雯,sec_intl,15
stf_0160,洪詩涵,sec_sport,3
stf_0161,謝曉雯,sec_fin,3
stf_0162,曾志豪,sec_brand,10
stf_0163,曾淑芬,sec_life,18
stf_0164,蔡冠宇,sec_deep,4
stf_0165,洪建宏,sec_vid,4
stf_0166,楊心怡,sec_fin,3
stf_0167,周彥廷,sec_life,12
stf_0168,楊宗翰,sec_env,9
stf_0169,黃郁婷,sec_pol,11
stf_0170,廖秉修,sec_env,16
stf_0171,劉冠宇,sec_edu,2
stf_0172,楊美玲,sec_soc,13
stf_0173,吳彥廷,sec_deep,8
stf_0174,劉建宏,sec_deep,5
stf_0175,劉心怡,sec_ent,18
stf_0176,周佩君,sec_shop,6
stf_0177,邱詩涵,sec_pol,8
stf_0178,賴怡君,sec_soc,18
stf_0179,黃映彤,sec_vid,12
stf_0180,邱家豪,sec_env,2
stf_0181,郭雅婷,sec_fin,12
stf_0182,郭心怡,sec_env,3
stf_0183,蔡冠宇,sec_deep,2
stf_0184,劉承翰,sec_opin,15
stf_0185,黃家豪,sec_life,10
stf_0186,楊曉雯,sec_vid,4
stf_0187,賴志豪,sec_fin,13
stf_0188,楊美玲,sec_intl,10
stf_0189,廖彥廷,sec_edu,5
stf_0190,周志豪,sec_short,18
stf_0191,周淑芬,sec_edu,17
stf_0192,陳曉雯,sec_deep,16
stf_0193,張美玲,sec_opin,4
stf_0194,林心怡,sec_fin,12
stf_0195,王冠宇,sec_edu,6
stf_0196,廖建宏,sec_event,16
stf_0197,謝心怡,sec_tech,9
stf_0198,郭淑芬,sec_tech,15
stf_0199,王建宏,sec_fin,7
stf_0200,張秉修,sec_intl,10
stf_0201,洪曉雯,sec_pol,13
stf_0202,邱淑芬,sec_life,8
stf_0203,蔡映彤,sec_pol,16
stf_0204,張曉雯,sec_ent,6
stf_0205,許冠宇,sec_sport,13
stf_0206,楊淑芬,sec_edu,9
stf_0207,許美玲,sec_brand,12
stf_0208,林彥廷,sec_opin,6
stf_0209,鄭冠宇,sec_env,10
stf_0210,劉承翰,sec_env,17
stf_0211,李映彤,sec_soc,6
stf_0212,洪詩涵,sec_life,1
stf_0213,黃家豪,sec_tech,4
stf_0214,張冠宇,sec_vid,14
stf_0215,許彥廷,sec_vid,15
stf_0216,謝建宏,sec_pod,1
stf_0217,蔡淑芬,sec_shop,12
stf_0218,鄭映彤,sec_tech,7
stf_0219,鄭映彤,sec_sport,15
stf_0220,黃佩君,sec_soc,9
stf_0221,曾家豪,sec_sport,5
stf_0222,林承翰,sec_sport,6
stf_0223,王俊傑,sec_intl,3
stf_0224,陳美玲,sec_vid,12
stf_0225,王美玲,sec_sport,6
stf_0226,許志豪,sec_pod,15
stf_0227,黃秉修,sec_pod,15
stf_0228,李雅婷,sec_short,7
stf_0229,蔡宗翰,sec_pol,7
stf_0230,曾建宏,sec_fin,17
stf_0231,楊冠宇,sec_intl,10
stf_0232,賴冠宇,sec_shop,17
stf_0233,許冠宇,sec_sport,6
stf_0234,楊映彤,sec_vid,17
stf_0235,鄭宗翰,sec_pod,2
stf_0236,林秉修,sec_ent,8
stf_0237,周映彤,sec_brand,17
stf_0238,黃映彤,sec_pod,16
stf_0239,張家豪,sec_life,10
stf_0240,郭建宏,sec_soc,13
stf_0241,林彥廷,sec_event,8
stf_0242,賴宗翰,sec_event,13
stf_0243,邱秉修,sec_vid,1
stf_0244,廖美玲,sec_short,18
stf_0245,謝映彤,sec_deep,7
stf_0246,曾美玲,sec_life,4
stf_0247,李佩君,sec_intl,12
stf_0248,黃詩涵,sec_edu,16
stf_0249,黃淑芬,sec_brand,14
stf_0250,李秉修,sec_opin,18
stf_0251,劉詩涵,sec_soc,18
stf_0252,曾建宏,sec_brand,12
stf_0253,賴心怡,sec_life,7
stf_0254,張美玲,sec_event,8
stf_0255,郭曉雯,sec_edu,13
stf_0256,林怡君,sec_pol,18
stf_0257,吳志豪,sec_soc,3
stf_0258,許心怡,sec_brand,4
stf_0259,楊曉雯,sec_event,7
stf_0260,王建宏,sec_brand,14
stf_0261,周映彤,sec_pod,14
stf_0262,周心怡,sec_soc,10
stf_0263,鄭冠宇,sec_intl,15
stf_0264,陳怡君,sec_env,6
stf_0265,蔡秉修,sec_shop,13
stf_0266,邱郁婷,sec_brand,11
stf_0267,廖志豪,sec_edu,17
stf_0268,劉冠宇,sec_soc,10
stf_0269,許承翰,sec_tech,14
stf_0270,周俊傑,sec_ent,17
stf_0271,吳志豪,sec_tech,8
stf_0272,劉淑芬,sec_pol,1
stf_0273,黃郁婷,sec_pod,12
stf_0274,鄭淑芬,sec_deep,12
stf_0275,李建宏,sec_brand,3
stf_0276,黃佩君,sec_short,18
stf_0277,鄭怡君,sec_shop,16
stf_0278,王承翰,sec_fin,13
stf_0279,林柏瑋,sec_deep,16
stf_0280,陳雅婷,sec_life,13
stf_0281,李曉雯,sec_short,1
stf_0282,洪承翰,sec_opin,14
stf_0283,廖俊傑,sec_fin,3
stf_0284,吳俊傑,sec_tech,4
stf_0285,劉曉雯,sec_tech,5
stf_0286,楊曉雯,sec_ent,9
stf_0287,黃美玲,sec_intl,7
stf_0288,邱冠宇,sec_pol,4
stf_0289,林家豪,sec_ent,9
stf_0290,張映彤,sec_env,5
stf_0291,張詩涵,sec_tech,13
stf_0292,廖佩君,sec_pol,8
stf_0293,蔡承翰,sec_event,12
stf_0294,邱宗翰,sec_pol,18
stf_0295,蔡郁婷,sec_opin,9
stf_0296,賴郁婷,sec_fin,10
stf_0297,周秉修,sec_life,9
stf_0298,陳映彤,sec_fin,6
stf_0299,吳柏瑋,sec_brand,12
stf_0300,賴佩君,sec_sport,9
stf_0301,黃承翰,sec_life,10
stf_0302,吳彥廷,sec_tech,5
stf_0303,陳心怡,sec_brand,5
stf_0304,許怡君,sec_deep,14
stf_0305,郭家豪,sec_event,17
stf_0306,洪彥廷,sec_edu,15
stf_0307,蔡俊傑,sec_tech,7
stf_0308,廖雅婷,sec_short,16
stf_0309,林曉雯,sec_brand,13
stf_0310,廖心怡,sec_opin,12
stf_0311,楊心怡,sec_vid,1
stf_0312,吳秉修,sec_deep,14
stf_0313,洪郁婷,sec_pol,14
stf_0314,曾秉修,sec_intl,7
stf_0315,黃冠宇,sec_event,2
stf_0316,洪曉雯,sec_tech,1
stf_0317,楊家豪,sec_env,8
stf_0318,劉雅婷,sec_short,10
stf_0319,謝淑芬,sec_shop,11
stf_0320,洪淑芬,sec_event,8
stf_0321,洪映彤,sec_vid,10
stf_0322,李秉修,sec_ent,1
stf_0323,陳俊傑,sec_short,8
stf_0324,蔡郁婷,sec_shop,2
stf_0325,黃建宏,sec_life,5
stf_0326,吳秉修,sec_pod,10
stf_0327,洪彥廷,sec_edu,10
stf_0328,賴詩涵,sec_life,4
stf_0329,賴淑芬,sec_brand,3
stf_0330,張映彤,sec_sport,6
stf_0331,謝郁婷,sec_opin,5
stf_0332,郭心怡,sec_deep,10
stf_0333,林曉雯,sec_shop,11
stf_0334,黃秉修,sec_fin,18
stf_0335,邱郁婷,sec_opin,15
stf_0336,廖俊傑,sec_life,2
stf_0337,吳詩涵,sec_shop,9
stf_0338,謝秉修,sec_edu,16
stf_0339,林建宏,sec_fin,6
stf_0340,王彥廷,sec_intl,4
stf_0341,洪美玲,sec_life,14
stf_0342,許雅婷,sec_short,17
stf_0343,鄭心怡,sec_deep,4
stf_0344,楊映彤,sec_pod,8
stf_0345,廖映彤,sec_soc,8
stf_0346,林家豪,sec_brand,6
stf_0347,陳志豪,sec_shop,7
stf_0348,蔡佩君,sec_life,4
stf_0349,林詩涵,sec_tech,10
stf_0350,郭家豪,sec_edu,1
stf_0351,廖美玲,sec_shop,6
stf_0352,林曉雯,sec_ent,8
stf_0353,周詩涵,sec_pol,12
stf_0354,蔡曉雯,sec_tech,6
stf_0355,劉宗翰,sec_soc,3
stf_0356,周怡君,sec_soc,12
stf_0357,林詩涵,sec_pod,12
stf_0358,曾雅婷,sec_fin,3
stf_0359,王彥廷,sec_ent,1
stf_0360,張詩涵,sec_soc,17
stf_0361,蔡佩君,sec_life,3
stf_0362,邱淑芬,sec_ent,2
stf_0363,蔡宗翰,sec_pod,17
stf_0364,王心怡,sec_short,8
stf_0365,劉佩君,sec_brand,18
stf_0366,吳俊傑,sec_env,14
stf_0367,賴曉雯,sec_soc,2
stf_0368,蔡秉修,sec_env,9
stf_0369,賴美玲,sec_life,17
stf_0370,廖秉修,sec_shop,12
stf_0371,楊承翰,sec_soc,10
stf_0372,周俊傑,sec_short,12
stf_0373,周淑芬,sec_shop,6
stf_0374,賴郁婷,sec_pol,12
stf_0375,周承翰,sec_brand,13
stf_0376,黃郁婷,sec_short,4
stf_0377,劉承翰,sec_soc,9
stf_0378,蔡家豪,sec_opin,2
stf_0379,謝淑芬,sec_vid,18
stf_0380,張映彤,sec_deep,4
stf_0381,鄭美玲,sec_pod,6
stf_0382,王冠宇,sec_opin,18
stf_0383,許宗翰,sec_fin,11
stf_0384,劉冠宇,sec_env,9
stf_0385,洪柏瑋,sec_event,5
stf_0386,林承翰,sec_opin,9
stf_0387,張秉修,sec_life,11
stf_0388,吳郁婷,sec_tech,5
stf_0389,林柏瑋,sec_tech,1
stf_0390,周曉雯,sec_life,10
stf_0391,周承翰,sec_event,12
stf_0392,許柏瑋,sec_env,12
stf_0393,劉心怡,sec_pol,5
stf_0394,鄭承翰,sec_opin,14
stf_0395,張映彤,sec_env,18
stf_0396,廖郁婷,sec_vid,16
stf_0397,廖建宏,sec_life,3
stf_0398,楊詩涵,sec_sport,10
stf_0399,許彥廷,sec_tech,12
stf_0400,吳淑芬,sec_soc,4
stf_0401,許映彤,sec_pod,2
stf_0402,賴曉雯,sec_short,3
stf_0403,楊郁婷,sec_intl,8
stf_0404,陳家豪,sec_pol,5
stf_0405,吳俊傑,sec_soc,17
stf_0406,楊秉修,sec_fin,8
stf_0407,劉雅婷,sec_deep,16
stf_0408,陳承翰,sec_vid,4
stf_0409,李佩君,sec_env,15
stf_0410,周心怡,sec_fin,18
stf_0411,李承翰,sec_env,18
stf_0412,邱秉修,sec_ent,8
stf_0413,曾建宏,sec_short,16
stf_0414,林俊傑,sec_sport,13
stf_0415,蔡俊傑,sec_ent,3
stf_0416,謝佩君,sec_event,5
stf_0417,許彥廷,sec_tech,13
stf_0418,林美玲,sec_opin,15
stf_0419,蔡曉雯,sec_life,2
stf_0420,吳柏瑋,sec_pol,11
stf_0421,吳郁婷,sec_shop,5
stf_0422,周雅婷,sec_tech,15
stf_0423,王雅婷,sec_vid,7
stf_0424,黃映彤,sec_short,7
stf_0425,蔡志豪,sec_opin,16
stf_0426,陳宗翰,sec_pod,14
stf_0427,蔡冠宇,sec_vid,14
stf_0428,郭宗翰,sec_tech,6
stf_0429,李郁婷,sec_brand,2
stf_0430,洪心怡,sec_tech,1
stf_0431,鄭淑芬,sec_deep,11
stf_0432,賴映彤,sec_opin,13
stf_0433,郭映彤,sec_vid,6
stf_0434,賴家豪,sec_life,3
stf_0435,楊郁婷,sec_life,9
stf_0436,曾映彤,sec_event,4
stf_0437,張承翰,sec_deep,7
stf_0438,黃宗翰,sec_tech,5
stf_0439,廖家豪,sec_sport,16
stf_0440,楊彥廷,sec_env,16
stf_0441,曾詩涵,sec_soc,8
stf_0442,張詩涵,sec_deep,4
stf_0443,張家豪,sec_deep,7
stf_0444,賴承翰,sec_pod,15
stf_0445,劉彥廷,sec_tech,4
stf_0446,王宗翰,sec_deep,4
stf_0447,廖秉修,sec_edu,6
stf_0448,劉美玲,sec_soc,12
stf_0449,陳雅婷,sec_intl,15
stf_0450,鄭映彤,sec_tech,16
stf_0451,許志豪,sec_soc,16
stf_0452,鄭承翰,sec_tech,16
stf_0453,鄭心怡,sec_shop,9
stf_0454,周心怡,sec_pod,7
stf_0455,謝郁婷,sec_event,5
stf_0456,陳冠宇,sec_event,2
stf_0457,黃佩君,sec_short,10
stf_0458,許詩涵,sec_shop,15
stf_0459,楊秉修,sec_ent,1
stf_0460,賴建宏,sec_edu,7
stf_0461,王佩君,sec_soc,12
stf_0462,劉俊傑,sec_shop,12
stf_0463,楊心怡,sec_pol,7
stf_0464,許俊傑,sec_fin,18
stf_0465,謝建宏,sec_opin,17
stf_0466,周建宏,sec_pod,9
stf_0467,楊曉雯,sec_pol,3
stf_0468,吳秉修,sec_event,4
stf_0469,林宗翰,sec_short,5
stf_0470,洪佩君,sec_pol,15
stf_0471,陳佩君,sec_short,13
stf_0472,賴承翰,sec_fin,15
stf_0473,張建宏,sec_event,15
stf_0474,賴心怡,sec_opin,2
stf_0475,曾怡君,sec_soc,4
stf_0476,李淑芬,sec_short,6
stf_0477,張承翰,sec_intl,9
stf_0478,許雅婷,sec_vid,17
stf_0479,李淑芬,sec_edu,1
stf_0480,曾冠宇,sec_sport,5
